system:index,CCA,Elevation,Month,SCA,.geo
0_0_0_0,1.5250987019150888,0.0,1.0,0.0,"{""type"":""MultiPoint"",""coordinates"":[]}"
0_1_0_1,0.9645575131348622,100.0,1.0,0.0,"{""type"":""MultiPoint"",""coordinates"":[]}"
0_2_0_2,0.7075780148741488,200.0,1.0,0.0,"{""type"":""MultiPoint"",""coordinates"":[]}"
0_3_0_3,0.5405478368144679,300.0,1.0,0.0,"{""type"":""MultiPoint"",""coordinates"":[]}"
0_4_0_4,0.43194366211342544,400.0,1.0,0.0,"{""type"":""MultiPoint"",""coordinates"":[]}"
0_5_0_5,0.43457660266177695,500.0,1.0,0.0,"{""type"":""MultiPoint"",""coordinates"":[]}"
0_6_0_6,0.3974960659964405,600.0,1.0,3.5284031158603864E-4,"{""type"":""MultiPoint"",""coordinates"":[]}"
0_7_0_7,0.35467330588154705,700.0,1.0,1.6326807702844414E-4,"{""type"":""MultiPoint"",""coordinates"":[]}"
0_8_0_8,0.3670317554267065,800.0,1.0,6.227068537754893E-6,"{""type"":""MultiPoint"",""coordinates"":[]}"
0_9_0_9,0.39608583571142053,900.0,1.0,0.0,"{""type"":""MultiPoint"",""coordinates"":[]}"
0_10_0_10,0.41965314010708915,1000.0,1.0,2.2123246761626274E-4,"{""type"":""MultiPoint"",""coordinates"":[]}"
0_11_0_11,0.44365286396132714,1100.0,1.0,3.5874814803487276E-4,"{""type"":""MultiPoint"",""coordinates"":[]}"
0_12_0_12,0.4775037355674913,1200.0,1.0,0.0014352300071872046,"{""type"":""MultiPoint"",""coordinates"":[]}"
0_13_0_13,0.49831871977719533,1300.0,1.0,0.0019699665114234627,"{""type"":""MultiPoint"",""coordinates"":[]}"
0_14_0_14,0.5120223257392333,1400.0,1.0,0.0037116740712504434,"{""type"":""MultiPoint"",""coordinates"":[]}"
0_15_0_15,0.5149075084922538,1500.0,1.0,0.006125865991181256,"{""type"":""MultiPoint"",""coordinates"":[]}"
0_16_0_16,0.5226662676030744,1600.0,1.0,0.009464088376745327,"{""type"":""MultiPoint"",""coordinates"":[]}"
0_17_0_17,0.5177247073849034,1700.0,1.0,0.012346324449585217,"{""type"":""MultiPoint"",""coordinates"":[]}"
0_18_0_18,0.5213088683002683,1800.0,1.0,0.015780850391571677,"{""type"":""MultiPoint"",""coordinates"":[]}"
0_19_0_19,0.518420033080703,1900.0,1.0,0.017864504780574678,"{""type"":""MultiPoint"",""coordinates"":[]}"
0_20_0_20,0.5091430939740471,2000.0,1.0,0.01854444759461258,"{""type"":""MultiPoint"",""coordinates"":[]}"
0_21_0_21,0.49641487842925525,2100.0,1.0,0.021379214277167748,"{""type"":""MultiPoint"",""coordinates"":[]}"
0_22_0_22,0.4894330078324388,2200.0,1.0,0.024391779960419586,"{""type"":""MultiPoint"",""coordinates"":[]}"
0_23_0_23,0.48901237810434706,2300.0,1.0,0.02843113338580163,"{""type"":""MultiPoint"",""coordinates"":[]}"
0_24_0_24,0.48931808407236826,2400.0,1.0,0.03268541840031237,"{""type"":""MultiPoint"",""coordinates"":[]}"
0_25_0_25,0.49089065700521,2500.0,1.0,0.038996919099576935,"{""type"":""MultiPoint"",""coordinates"":[]}"
0_26_0_26,0.48303368938695584,2600.0,1.0,0.044652229650392145,"{""type"":""MultiPoint"",""coordinates"":[]}"
0_27_0_27,0.4687135335871045,2700.0,1.0,0.05193137167085114,"{""type"":""MultiPoint"",""coordinates"":[]}"
0_28_0_28,0.47679146336106504,2800.0,1.0,0.05737117624287171,"{""type"":""MultiPoint"",""coordinates"":[]}"
0_29_0_29,0.4757841497079834,2900.0,1.0,0.0690031971812487,"{""type"":""MultiPoint"",""coordinates"":[]}"
0_30_0_30,0.47255286258440987,3000.0,1.0,0.07771555105367303,"{""type"":""MultiPoint"",""coordinates"":[]}"
0_31_0_31,0.4623005274379233,3100.0,1.0,0.08639809813748489,"{""type"":""MultiPoint"",""coordinates"":[]}"
0_32_0_32,0.44491640347347805,3200.0,1.0,0.09505876501681851,"{""type"":""MultiPoint"",""coordinates"":[]}"
0_33_0_33,0.4457966919077197,3300.0,1.0,0.10656647233171015,"{""type"":""MultiPoint"",""coordinates"":[]}"
0_34_0_34,0.45679333724265303,3400.0,1.0,0.12478209427753564,"{""type"":""MultiPoint"",""coordinates"":[]}"
0_35_0_35,0.466701333479814,3500.0,1.0,0.16526617385146902,"{""type"":""MultiPoint"",""coordinates"":[]}"
0_36_0_36,0.4714097039953663,3600.0,1.0,0.1994041357249754,"{""type"":""MultiPoint"",""coordinates"":[]}"
0_37_0_37,0.4835175584553165,3700.0,1.0,0.20839733191832957,"{""type"":""MultiPoint"",""coordinates"":[]}"
0_38_0_38,0.5012957342648395,3800.0,1.0,0.22117772926264695,"{""type"":""MultiPoint"",""coordinates"":[]}"
0_39_0_39,0.524377257316844,3900.0,1.0,0.2760077299741802,"{""type"":""MultiPoint"",""coordinates"":[]}"
0_40_0_40,0.5608940668734209,4000.0,1.0,0.34702762995602887,"{""type"":""MultiPoint"",""coordinates"":[]}"
0_41_0_41,0.6105751167371967,4100.0,1.0,0.4198054982515555,"{""type"":""MultiPoint"",""coordinates"":[]}"
0_42_0_42,0.6853958943349362,4200.0,1.0,0.5490103526599504,"{""type"":""MultiPoint"",""coordinates"":[]}"
0_43_0_43,0.7523272763252017,4300.0,1.0,0.7785302395254975,"{""type"":""MultiPoint"",""coordinates"":[]}"
0_44_0_44,0.7894239730003234,4400.0,1.0,1.0987291090221831,"{""type"":""MultiPoint"",""coordinates"":[]}"
0_45_0_45,0.8236743352311795,4500.0,1.0,1.4724126053287794,"{""type"":""MultiPoint"",""coordinates"":[]}"
0_46_0_46,0.9997935897719206,4600.0,1.0,2.15822777847992,"{""type"":""MultiPoint"",""coordinates"":[]}"
0_47_0_47,1.2987086407745272,4700.0,1.0,2.97036170194668,"{""type"":""MultiPoint"",""coordinates"":[]}"
0_48_0_48,1.6826887192055917,4800.0,1.0,4.125234458768291,"{""type"":""MultiPoint"",""coordinates"":[]}"
0_49_0_49,1.7174516204567805,4900.0,1.0,5.378222242931173,"{""type"":""MultiPoint"",""coordinates"":[]}"
0_50_0_50,1.988501690426754,5000.0,1.0,7.972254605145892,"{""type"":""MultiPoint"",""coordinates"":[]}"
0_51_0_51,2.2881587309511118,5100.0,1.0,9.203312609871015,"{""type"":""MultiPoint"",""coordinates"":[]}"
0_52_0_52,2.3252134598084995,5200.0,1.0,9.730828767789966,"{""type"":""MultiPoint"",""coordinates"":[]}"
0_53_0_53,2.336129749901324,5300.0,1.0,10.734773119056056,"{""type"":""MultiPoint"",""coordinates"":[]}"
0_54_0_54,2.506595610104029,5400.0,1.0,9.26411142833958,"{""type"":""MultiPoint"",""coordinates"":[]}"
0_55_0_55,2.8152492668621707,5500.0,1.0,8.836032767891542,"{""type"":""MultiPoint"",""coordinates"":[]}"
1_0_1_0,2.2741323834210303,0.0,2.0,0.0,"{""type"":""MultiPoint"",""coordinates"":[]}"
1_1_1_1,2.1812831244587723,100.0,2.0,0.0,"{""type"":""MultiPoint"",""coordinates"":[]}"
1_2_1_2,1.85998667294283,200.0,2.0,0.0,"{""type"":""MultiPoint"",""coordinates"":[]}"
1_3_1_3,1.0365165417247355,300.0,2.0,3.372673971288149E-4,"{""type"":""MultiPoint"",""coordinates"":[]}"
1_4_1_4,0.5316290987544274,400.0,2.0,0.0,"{""type"":""MultiPoint"",""coordinates"":[]}"
1_5_1_5,0.2565943905008131,500.0,2.0,0.0,"{""type"":""MultiPoint"",""coordinates"":[]}"
1_6_1_6,0.10447383479434778,600.0,2.0,0.0,"{""type"":""MultiPoint"",""coordinates"":[]}"
1_7_1_7,0.03693335735607919,700.0,2.0,0.0,"{""type"":""MultiPoint"",""coordinates"":[]}"
1_8_1_8,0.014952362776581291,800.0,2.0,0.0,"{""type"":""MultiPoint"",""coordinates"":[]}"
1_9_1_9,0.009521780172555795,900.0,2.0,0.0,"{""type"":""MultiPoint"",""coordinates"":[]}"
1_10_1_10,0.011373569323491945,1000.0,2.0,1.1157131902939499E-4,"{""type"":""MultiPoint"",""coordinates"":[]}"
1_11_1_11,0.007634589116154689,1100.0,2.0,2.0487882293852359E-4,"{""type"":""MultiPoint"",""coordinates"":[]}"
1_12_1_12,0.007977897586366339,1200.0,2.0,0.0017270060497730766,"{""type"":""MultiPoint"",""coordinates"":[]}"
1_13_1_13,0.01220310914594852,1300.0,2.0,0.003464108765047855,"{""type"":""MultiPoint"",""coordinates"":[]}"
1_14_1_14,0.01521294750077171,1400.0,2.0,0.0053877708842660155,"{""type"":""MultiPoint"",""coordinates"":[]}"
1_15_1_15,0.01835867604927482,1500.0,2.0,0.006567518547706299,"{""type"":""MultiPoint"",""coordinates"":[]}"
1_16_1_16,0.018787747809281587,1600.0,2.0,0.008344656353700243,"{""type"":""MultiPoint"",""coordinates"":[]}"
1_17_1_17,0.02454007078808863,1700.0,2.0,0.009777982107027853,"{""type"":""MultiPoint"",""coordinates"":[]}"
1_18_1_18,0.03500455173879859,1800.0,2.0,0.013968593023070188,"{""type"":""MultiPoint"",""coordinates"":[]}"
1_19_1_19,0.04381061545174425,1900.0,2.0,0.017681828965006474,"{""type"":""MultiPoint"",""coordinates"":[]}"
1_20_1_20,0.04931571070803184,2000.0,2.0,0.022271376361049672,"{""type"":""MultiPoint"",""coordinates"":[]}"
1_21_1_21,0.05104457203538197,2100.0,2.0,0.028458646632998644,"{""type"":""MultiPoint"",""coordinates"":[]}"
1_22_1_22,0.047989061292969516,2200.0,2.0,0.034495401216462065,"{""type"":""MultiPoint"",""coordinates"":[]}"
1_23_1_23,0.04442792314852098,2300.0,2.0,0.039629386237449736,"{""type"":""MultiPoint"",""coordinates"":[]}"
1_24_1_24,0.04612812524669024,2400.0,2.0,0.04143174242598326,"{""type"":""MultiPoint"",""coordinates"":[]}"
1_25_1_25,0.05523002499384956,2500.0,2.0,0.047272571410461914,"{""type"":""MultiPoint"",""coordinates"":[]}"
1_26_1_26,0.0668576372533639,2600.0,2.0,0.05094641315325257,"{""type"":""MultiPoint"",""coordinates"":[]}"
1_27_1_27,0.0706305158163631,2700.0,2.0,0.05736678643144926,"{""type"":""MultiPoint"",""coordinates"":[]}"
1_28_1_28,0.0765568436437842,2800.0,2.0,0.06449089645524711,"{""type"":""MultiPoint"",""coordinates"":[]}"
1_29_1_29,0.08315406639469963,2900.0,2.0,0.07810747588471466,"{""type"":""MultiPoint"",""coordinates"":[]}"
1_30_1_30,0.0807020745647498,3000.0,2.0,0.08677299931491624,"{""type"":""MultiPoint"",""coordinates"":[]}"
1_31_1_31,0.07938333596569615,3100.0,2.0,0.09699355883336229,"{""type"":""MultiPoint"",""coordinates"":[]}"
1_32_1_32,0.08086793024861579,3200.0,2.0,0.10045574130673936,"{""type"":""MultiPoint"",""coordinates"":[]}"
1_33_1_33,0.09516134262039608,3300.0,2.0,0.11060033474607565,"{""type"":""MultiPoint"",""coordinates"":[]}"
1_34_1_34,0.09918118407771355,3400.0,2.0,0.12157260292220089,"{""type"":""MultiPoint"",""coordinates"":[]}"
1_35_1_35,0.091176020208251,3500.0,2.0,0.1513018600231837,"{""type"":""MultiPoint"",""coordinates"":[]}"
1_36_1_36,0.0943260574069471,3600.0,2.0,0.18607448227923776,"{""type"":""MultiPoint"",""coordinates"":[]}"
1_37_1_37,0.09340482900937137,3700.0,2.0,0.2010029164043536,"{""type"":""MultiPoint"",""coordinates"":[]}"
1_38_1_38,0.10139149206443505,3800.0,2.0,0.20240864925719715,"{""type"":""MultiPoint"",""coordinates"":[]}"
1_39_1_39,0.12169018175498378,3900.0,2.0,0.21002910379681303,"{""type"":""MultiPoint"",""coordinates"":[]}"
1_40_1_40,0.1453282494931648,4000.0,2.0,0.22094120216843371,"{""type"":""MultiPoint"",""coordinates"":[]}"
1_41_1_41,0.18123526072598367,4100.0,2.0,0.2650337540079656,"{""type"":""MultiPoint"",""coordinates"":[]}"
1_42_1_42,0.20700973377897838,4200.0,2.0,0.3570982356662313,"{""type"":""MultiPoint"",""coordinates"":[]}"
1_43_1_43,0.2280422345132997,4300.0,2.0,0.5149633209505164,"{""type"":""MultiPoint"",""coordinates"":[]}"
1_44_1_44,0.2166897723495666,4400.0,2.0,0.7658122226963475,"{""type"":""MultiPoint"",""coordinates"":[]}"
1_45_1_45,0.22023008259964322,4500.0,2.0,1.009539350775007,"{""type"":""MultiPoint"",""coordinates"":[]}"
1_46_1_46,0.17707712708363635,4600.0,2.0,1.3087050605798969,"{""type"":""MultiPoint"",""coordinates"":[]}"
1_47_1_47,0.21563379528678467,4700.0,2.0,1.8889739830900938,"{""type"":""MultiPoint"",""coordinates"":[]}"
1_48_1_48,0.4245581621376537,4800.0,2.0,2.646129258551437,"{""type"":""MultiPoint"",""coordinates"":[]}"
1_49_1_49,0.43918702345986776,4900.0,2.0,3.3718606271867393,"{""type"":""MultiPoint"",""coordinates"":[]}"
1_50_1_50,0.5266780845976323,5000.0,2.0,4.917044336426782,"{""type"":""MultiPoint"",""coordinates"":[]}"
1_51_1_51,0.7154781776802434,5100.0,2.0,5.972641733623178,"{""type"":""MultiPoint"",""coordinates"":[]}"
1_52_1_52,0.6964242215265904,5200.0,2.0,6.282205094400381,"{""type"":""MultiPoint"",""coordinates"":[]}"
1_53_1_53,0.9538628875248111,5300.0,2.0,7.008222897293514,"{""type"":""MultiPoint"",""coordinates"":[]}"
1_54_1_54,1.0702476712791333,5400.0,2.0,6.272591694249668,"{""type"":""MultiPoint"",""coordinates"":[]}"
1_55_1_55,1.3447759137414308,5500.0,2.0,7.1983281683046245,"{""type"":""MultiPoint"",""coordinates"":[]}"
2_0_2_0,1.7309344060939964,0.0,3.0,0.0,"{""type"":""MultiPoint"",""coordinates"":[]}"
2_1_2_1,1.4191990981838096,100.0,3.0,6.086521569836267E-4,"{""type"":""MultiPoint"",""coordinates"":[]}"
2_2_2_2,1.2509289008586089,200.0,3.0,0.0013699905253563233,"{""type"":""MultiPoint"",""coordinates"":[]}"
2_3_2_3,1.152632491881114,300.0,3.0,0.0010568645763353573,"{""type"":""MultiPoint"",""coordinates"":[]}"
2_4_2_4,1.080599168437472,400.0,3.0,5.870988322469603E-4,"{""type"":""MultiPoint"",""coordinates"":[]}"
2_5_2_5,1.018823713974609,500.0,3.0,1.1220069650051566E-4,"{""type"":""MultiPoint"",""coordinates"":[]}"
2_6_2_6,0.9533805885025501,600.0,3.0,2.129184889834801E-6,"{""type"":""MultiPoint"",""coordinates"":[]}"
2_7_2_7,0.9124699221154726,700.0,3.0,1.0790212339551976E-5,"{""type"":""MultiPoint"",""coordinates"":[]}"
2_8_2_8,0.9993996250990104,800.0,3.0,2.283474961525928E-4,"{""type"":""MultiPoint"",""coordinates"":[]}"
2_9_2_9,1.0581891596969168,900.0,3.0,1.6074480829043837E-4,"{""type"":""MultiPoint"",""coordinates"":[]}"
2_10_2_10,1.0631235017981973,1000.0,3.0,6.353569861531275E-4,"{""type"":""MultiPoint"",""coordinates"":[]}"
2_11_2_11,1.075460473083648,1100.0,3.0,0.0013843937321142887,"{""type"":""MultiPoint"",""coordinates"":[]}"
2_12_2_12,1.0811991859521526,1200.0,3.0,0.0035122609220609247,"{""type"":""MultiPoint"",""coordinates"":[]}"
2_13_2_13,1.1155637388888615,1300.0,3.0,0.004881440500035244,"{""type"":""MultiPoint"",""coordinates"":[]}"
2_14_2_14,1.109437926541885,1400.0,3.0,0.006191946525444089,"{""type"":""MultiPoint"",""coordinates"":[]}"
2_15_2_15,1.0878518275796956,1500.0,3.0,0.0077332957083489345,"{""type"":""MultiPoint"",""coordinates"":[]}"
2_16_2_16,1.06928926050243,1600.0,3.0,0.009616345990012938,"{""type"":""MultiPoint"",""coordinates"":[]}"
2_17_2_17,1.0967558679715292,1700.0,3.0,0.012048365866663972,"{""type"":""MultiPoint"",""coordinates"":[]}"
2_18_2_18,1.0879205757715489,1800.0,3.0,0.012792647472420664,"{""type"":""MultiPoint"",""coordinates"":[]}"
2_19_2_19,1.056133686801072,1900.0,3.0,0.0167764823807508,"{""type"":""MultiPoint"",""coordinates"":[]}"
2_20_2_20,1.0397501270366298,2000.0,3.0,0.01748311661693918,"{""type"":""MultiPoint"",""coordinates"":[]}"
2_21_2_21,1.0104987418388447,2100.0,3.0,0.021350841300067726,"{""type"":""MultiPoint"",""coordinates"":[]}"
2_22_2_22,0.9937100461171047,2200.0,3.0,0.022858718612481864,"{""type"":""MultiPoint"",""coordinates"":[]}"
2_23_2_23,0.9825394698768541,2300.0,3.0,0.026257178595731734,"{""type"":""MultiPoint"",""coordinates"":[]}"
2_24_2_24,0.9605791481700502,2400.0,3.0,0.031649517431432905,"{""type"":""MultiPoint"",""coordinates"":[]}"
2_25_2_25,0.9299877347769075,2500.0,3.0,0.039355258805913264,"{""type"":""MultiPoint"",""coordinates"":[]}"
2_26_2_26,0.9070126664819604,2600.0,3.0,0.050650667828420363,"{""type"":""MultiPoint"",""coordinates"":[]}"
2_27_2_27,0.8939762304166208,2700.0,3.0,0.06752708717499353,"{""type"":""MultiPoint"",""coordinates"":[]}"
2_28_2_28,0.8982890285486363,2800.0,3.0,0.10374067579440938,"{""type"":""MultiPoint"",""coordinates"":[]}"
2_29_2_29,0.913884129405318,2900.0,3.0,0.1631621049057517,"{""type"":""MultiPoint"",""coordinates"":[]}"
2_30_2_30,0.9370589305051681,3000.0,3.0,0.23463552421796832,"{""type"":""MultiPoint"",""coordinates"":[]}"
2_31_2_31,0.9448085463542528,3100.0,3.0,0.3472952572680941,"{""type"":""MultiPoint"",""coordinates"":[]}"
2_32_2_32,0.9754269189925424,3200.0,3.0,0.49651230722176565,"{""type"":""MultiPoint"",""coordinates"":[]}"
2_33_2_33,1.0014607841033165,3300.0,3.0,0.6570145467128466,"{""type"":""MultiPoint"",""coordinates"":[]}"
2_34_2_34,1.0236213560754586,3400.0,3.0,0.8446462085680004,"{""type"":""MultiPoint"",""coordinates"":[]}"
2_35_2_35,0.9865777979515727,3500.0,3.0,0.9505658668619027,"{""type"":""MultiPoint"",""coordinates"":[]}"
2_36_2_36,0.8980956756141412,3600.0,3.0,0.9853219211640605,"{""type"":""MultiPoint"",""coordinates"":[]}"
2_37_2_37,0.8001779797043037,3700.0,3.0,1.0017018792403036,"{""type"":""MultiPoint"",""coordinates"":[]}"
2_38_2_38,0.7918072968910466,3800.0,3.0,1.0319439364989522,"{""type"":""MultiPoint"",""coordinates"":[]}"
2_39_2_39,0.796874201844475,3900.0,3.0,1.0916557522545638,"{""type"":""MultiPoint"",""coordinates"":[]}"
2_40_2_40,0.8395474170914023,4000.0,3.0,1.1808380137973025,"{""type"":""MultiPoint"",""coordinates"":[]}"
2_41_2_41,0.8888851387555216,4100.0,3.0,1.2841821528296218,"{""type"":""MultiPoint"",""coordinates"":[]}"
2_42_2_42,0.9965744096606156,4200.0,3.0,1.4256085798320481,"{""type"":""MultiPoint"",""coordinates"":[]}"
2_43_2_43,1.1363717146416281,4300.0,3.0,1.6479566652262154,"{""type"":""MultiPoint"",""coordinates"":[]}"
2_44_2_44,1.2445374750034834,4400.0,3.0,1.9308704743214309,"{""type"":""MultiPoint"",""coordinates"":[]}"
2_45_2_45,1.3223100944272372,4500.0,3.0,2.1301867384049844,"{""type"":""MultiPoint"",""coordinates"":[]}"
2_46_2_46,1.4991863549809625,4600.0,3.0,2.248413053472511,"{""type"":""MultiPoint"",""coordinates"":[]}"
2_47_2_47,1.6360320690364374,4700.0,3.0,2.544722237544362,"{""type"":""MultiPoint"",""coordinates"":[]}"
2_48_2_48,1.7724462972678003,4800.0,3.0,2.7889943866506277,"{""type"":""MultiPoint"",""coordinates"":[]}"
2_49_2_49,1.8174303870220772,4900.0,3.0,2.9865019187404855,"{""type"":""MultiPoint"",""coordinates"":[]}"
2_50_2_50,2.016480882549426,5000.0,3.0,3.810385902011572,"{""type"":""MultiPoint"",""coordinates"":[]}"
2_51_2_51,2.143153580107881,5100.0,3.0,4.218015791309083,"{""type"":""MultiPoint"",""coordinates"":[]}"
2_52_2_52,2.1881468575085425,5200.0,3.0,4.290277481468304,"{""type"":""MultiPoint"",""coordinates"":[]}"
2_53_2_53,2.120949158401477,5300.0,3.0,4.406278896628842,"{""type"":""MultiPoint"",""coordinates"":[]}"
2_54_2_54,1.8551996932647925,5400.0,3.0,3.6621160202132867,"{""type"":""MultiPoint"",""coordinates"":[]}"
2_55_2_55,1.917437401308369,5500.0,3.0,3.4620100795655886,"{""type"":""MultiPoint"",""coordinates"":[]}"
3_0_3_0,4.904286963676148,0.0,4.0,0.0,"{""type"":""MultiPoint"",""coordinates"":[]}"
3_1_3_1,4.9054321238135605,100.0,4.0,5.5460898801189373E-5,"{""type"":""MultiPoint"",""coordinates"":[]}"
3_2_3_2,4.831254169355172,200.0,4.0,1.987133112777785E-4,"{""type"":""MultiPoint"",""coordinates"":[]}"
3_3_3_3,4.345686378018129,300.0,4.0,0.0,"{""type"":""MultiPoint"",""coordinates"":[]}"
3_4_3_4,3.8772372982792356,400.0,4.0,7.249723450230203E-4,"{""type"":""MultiPoint"",""coordinates"":[]}"
3_5_3_5,3.6619237621229064,500.0,4.0,0.001195302738338116,"{""type"":""MultiPoint"",""coordinates"":[]}"
3_6_3_6,3.557055800408271,600.0,4.0,0.0015029498949476073,"{""type"":""MultiPoint"",""coordinates"":[]}"
3_7_3_7,3.490173010479992,700.0,4.0,8.467793452352252E-4,"{""type"":""MultiPoint"",""coordinates"":[]}"
3_8_3_8,3.463225163533455,800.0,4.0,6.392484271492881E-4,"{""type"":""MultiPoint"",""coordinates"":[]}"
3_9_3_9,3.5564982722136156,900.0,4.0,4.4063066176027246E-4,"{""type"":""MultiPoint"",""coordinates"":[]}"
3_10_3_10,3.6763120891166094,1000.0,4.0,0.0012025826334158903,"{""type"":""MultiPoint"",""coordinates"":[]}"
3_11_3_11,3.766545844264695,1100.0,4.0,0.0015134872662269053,"{""type"":""MultiPoint"",""coordinates"":[]}"
3_12_3_12,4.011739052431024,1200.0,4.0,0.003370178463710129,"{""type"":""MultiPoint"",""coordinates"":[]}"
3_13_3_13,4.200088219259088,1300.0,4.0,0.007384472158782033,"{""type"":""MultiPoint"",""coordinates"":[]}"
3_14_3_14,4.311296292809123,1400.0,4.0,0.009004353954000273,"{""type"":""MultiPoint"",""coordinates"":[]}"
3_15_3_15,4.385364150486829,1500.0,4.0,0.013187738210870175,"{""type"":""MultiPoint"",""coordinates"":[]}"
3_16_3_16,4.488184443461805,1600.0,4.0,0.016023020887013757,"{""type"":""MultiPoint"",""coordinates"":[]}"
3_17_3_17,4.574704953896897,1700.0,4.0,0.022882276375283464,"{""type"":""MultiPoint"",""coordinates"":[]}"
3_18_3_18,4.7336781525703975,1800.0,4.0,0.03638194469819596,"{""type"":""MultiPoint"",""coordinates"":[]}"
3_19_3_19,4.880486470644963,1900.0,4.0,0.06622224449711965,"{""type"":""MultiPoint"",""coordinates"":[]}"
3_20_3_20,4.991575925985043,2000.0,4.0,0.08557819343249345,"{""type"":""MultiPoint"",""coordinates"":[]}"
3_21_3_21,5.056788846202967,2100.0,4.0,0.12988259273511416,"{""type"":""MultiPoint"",""coordinates"":[]}"
3_22_3_22,5.13704615129658,2200.0,4.0,0.16742411010457714,"{""type"":""MultiPoint"",""coordinates"":[]}"
3_23_3_23,5.172244360616256,2300.0,4.0,0.21264696190124371,"{""type"":""MultiPoint"",""coordinates"":[]}"
3_24_3_24,5.217229302732207,2400.0,4.0,0.2715385102473139,"{""type"":""MultiPoint"",""coordinates"":[]}"
3_25_3_25,5.288894787202026,2500.0,4.0,0.35020718935291595,"{""type"":""MultiPoint"",""coordinates"":[]}"
3_26_3_26,5.345683096577607,2600.0,4.0,0.46177000843741717,"{""type"":""MultiPoint"",""coordinates"":[]}"
3_27_3_27,5.414869286435056,2700.0,4.0,0.5783998094694238,"{""type"":""MultiPoint"",""coordinates"":[]}"
3_28_3_28,5.510647431701338,2800.0,4.0,0.7262599842287568,"{""type"":""MultiPoint"",""coordinates"":[]}"
3_29_3_29,5.616638381598309,2900.0,4.0,0.9428905380337298,"{""type"":""MultiPoint"",""coordinates"":[]}"
3_30_3_30,5.716744461494136,3000.0,4.0,1.173119894161031,"{""type"":""MultiPoint"",""coordinates"":[]}"
3_31_3_31,5.842545371356269,3100.0,4.0,1.5006767523975755,"{""type"":""MultiPoint"",""coordinates"":[]}"
3_32_3_32,6.0175564807454585,3200.0,4.0,1.818346894523104,"{""type"":""MultiPoint"",""coordinates"":[]}"
3_33_3_33,6.206414921031185,3300.0,4.0,2.2106279821476313,"{""type"":""MultiPoint"",""coordinates"":[]}"
3_34_3_34,6.395631986550246,3400.0,4.0,2.7936545787098988,"{""type"":""MultiPoint"",""coordinates"":[]}"
3_35_3_35,6.514356832575475,3500.0,4.0,3.4050273491320815,"{""type"":""MultiPoint"",""coordinates"":[]}"
3_36_3_36,6.593688003726081,3600.0,4.0,3.954419902665211,"{""type"":""MultiPoint"",""coordinates"":[]}"
3_37_3_37,6.682645550953403,3700.0,4.0,4.657505900001272,"{""type"":""MultiPoint"",""coordinates"":[]}"
3_38_3_38,6.800668029777981,3800.0,4.0,5.4204721392038335,"{""type"":""MultiPoint"",""coordinates"":[]}"
3_39_3_39,6.880758305814112,3900.0,4.0,6.03833300571861,"{""type"":""MultiPoint"",""coordinates"":[]}"
3_40_3_40,6.995711360973423,4000.0,4.0,6.746288000191175,"{""type"":""MultiPoint"",""coordinates"":[]}"
3_41_3_41,7.132683111343206,4100.0,4.0,7.429060988426479,"{""type"":""MultiPoint"",""coordinates"":[]}"
3_42_3_42,7.267252959470766,4200.0,4.0,8.1367752347344,"{""type"":""MultiPoint"",""coordinates"":[]}"
3_43_3_43,7.414484262006493,4300.0,4.0,9.055164516701184,"{""type"":""MultiPoint"",""coordinates"":[]}"
3_44_3_44,7.4557639008728875,4400.0,4.0,10.008380926001823,"{""type"":""MultiPoint"",""coordinates"":[]}"
3_45_3_45,7.332560859351445,4500.0,4.0,10.389209883962737,"{""type"":""MultiPoint"",""coordinates"":[]}"
3_46_3_46,7.675012421663207,4600.0,4.0,10.506010068208507,"{""type"":""MultiPoint"",""coordinates"":[]}"
3_47_3_47,8.010647945212582,4700.0,4.0,10.499848799691755,"{""type"":""MultiPoint"",""coordinates"":[]}"
3_48_3_48,8.271126244504828,4800.0,4.0,10.100008533674108,"{""type"":""MultiPoint"",""coordinates"":[]}"
3_49_3_49,8.15222450476471,4900.0,4.0,10.437992372015108,"{""type"":""MultiPoint"",""coordinates"":[]}"
3_50_3_50,8.386839936412642,5000.0,4.0,11.013637367379646,"{""type"":""MultiPoint"",""coordinates"":[]}"
3_51_3_51,8.488604427886825,5100.0,4.0,11.143893017983924,"{""type"":""MultiPoint"",""coordinates"":[]}"
3_52_3_52,8.485555440378867,5200.0,4.0,11.113987450223492,"{""type"":""MultiPoint"",""coordinates"":[]}"
3_53_3_53,8.37644273182994,5300.0,4.0,10.70963148564509,"{""type"":""MultiPoint"",""coordinates"":[]}"
3_54_3_54,8.26276988587636,5400.0,4.0,9.370078666979708,"{""type"":""MultiPoint"",""coordinates"":[]}"
3_55_3_55,8.434209468692229,5500.0,4.0,8.975526014041302,"{""type"":""MultiPoint"",""coordinates"":[]}"
4_0_4_0,12.286467728883439,0.0,5.0,0.009344134122545568,"{""type"":""MultiPoint"",""coordinates"":[]}"
4_1_4_1,13.01480336189754,100.0,5.0,0.010592240316457963,"{""type"":""MultiPoint"",""coordinates"":[]}"
4_2_4_2,12.784501485135857,200.0,5.0,0.005100184347903203,"{""type"":""MultiPoint"",""coordinates"":[]}"
4_3_4_3,11.549679986627234,300.0,5.0,0.006935899206153633,"{""type"":""MultiPoint"",""coordinates"":[]}"
4_4_4_4,10.944501083698121,400.0,5.0,0.004873766409652815,"{""type"":""MultiPoint"",""coordinates"":[]}"
4_5_4_5,10.58887351735611,500.0,5.0,0.0028485792104561577,"{""type"":""MultiPoint"",""coordinates"":[]}"
4_6_4_6,10.528382675587203,600.0,5.0,0.0024050283683423558,"{""type"":""MultiPoint"",""coordinates"":[]}"
4_7_4_7,10.489447317699929,700.0,5.0,0.0031166074869365115,"{""type"":""MultiPoint"",""coordinates"":[]}"
4_8_4_8,10.537715799807888,800.0,5.0,0.004029277292488207,"{""type"":""MultiPoint"",""coordinates"":[]}"
4_9_4_9,10.60464381303483,900.0,5.0,0.0033419540897693485,"{""type"":""MultiPoint"",""coordinates"":[]}"
4_10_4_10,10.52455990290461,1000.0,5.0,0.007408941438866395,"{""type"":""MultiPoint"",""coordinates"":[]}"
4_11_4_11,10.571178676298587,1100.0,5.0,0.01652274081909745,"{""type"":""MultiPoint"",""coordinates"":[]}"
4_12_4_12,10.818116126452425,1200.0,5.0,0.03559171099825879,"{""type"":""MultiPoint"",""coordinates"":[]}"
4_13_4_13,11.023197223338997,1300.0,5.0,0.08435900114103784,"{""type"":""MultiPoint"",""coordinates"":[]}"
4_14_4_14,11.19908033545631,1400.0,5.0,0.10510902944972919,"{""type"":""MultiPoint"",""coordinates"":[]}"
4_15_4_15,11.412231072121548,1500.0,5.0,0.13672106666012246,"{""type"":""MultiPoint"",""coordinates"":[]}"
4_16_4_16,11.923019455025157,1600.0,5.0,0.18413499623925614,"{""type"":""MultiPoint"",""coordinates"":[]}"
4_17_4_17,12.68781556566489,1700.0,5.0,0.2868381343151158,"{""type"":""MultiPoint"",""coordinates"":[]}"
4_18_4_18,13.503691470321746,1800.0,5.0,0.4927498164701023,"{""type"":""MultiPoint"",""coordinates"":[]}"
4_19_4_19,14.595164474585044,1900.0,5.0,0.7272930168502342,"{""type"":""MultiPoint"",""coordinates"":[]}"
4_20_4_20,15.452701150167599,2000.0,5.0,1.0025579388301518,"{""type"":""MultiPoint"",""coordinates"":[]}"
4_21_4_21,16.20193582665012,2100.0,5.0,1.4701076265270139,"{""type"":""MultiPoint"",""coordinates"":[]}"
4_22_4_22,17.019494781109664,2200.0,5.0,1.9308870964470035,"{""type"":""MultiPoint"",""coordinates"":[]}"
4_23_4_23,17.64526525892367,2300.0,5.0,2.5193017026780042,"{""type"":""MultiPoint"",""coordinates"":[]}"
4_24_4_24,18.323630114915712,2400.0,5.0,3.1931934371835924,"{""type"":""MultiPoint"",""coordinates"":[]}"
4_25_4_25,19.134094503578023,2500.0,5.0,4.017806868982828,"{""type"":""MultiPoint"",""coordinates"":[]}"
4_26_4_26,19.893247675618703,2600.0,5.0,4.946520368352819,"{""type"":""MultiPoint"",""coordinates"":[]}"
4_27_4_27,20.5174470302887,2700.0,5.0,5.849786060445802,"{""type"":""MultiPoint"",""coordinates"":[]}"
4_28_4_28,21.031305611354718,2800.0,5.0,6.989126149958082,"{""type"":""MultiPoint"",""coordinates"":[]}"
4_29_4_29,21.47478608385105,2900.0,5.0,8.274596668757527,"{""type"":""MultiPoint"",""coordinates"":[]}"
4_30_4_30,22.09291430410661,3000.0,5.0,9.430461694535353,"{""type"":""MultiPoint"",""coordinates"":[]}"
4_31_4_31,22.7095819396086,3100.0,5.0,11.152712406416057,"{""type"":""MultiPoint"",""coordinates"":[]}"
4_32_4_32,23.430492892082434,3200.0,5.0,12.611895268458378,"{""type"":""MultiPoint"",""coordinates"":[]}"
4_33_4_33,23.993811190729254,3300.0,5.0,14.193988662347248,"{""type"":""MultiPoint"",""coordinates"":[]}"
4_34_4_34,24.493776118407503,3400.0,5.0,15.963922476868902,"{""type"":""MultiPoint"",""coordinates"":[]}"
4_35_4_35,24.646958064775163,3500.0,5.0,16.89877165609491,"{""type"":""MultiPoint"",""coordinates"":[]}"
4_36_4_36,24.448427330689125,3600.0,5.0,17.023261510956686,"{""type"":""MultiPoint"",""coordinates"":[]}"
4_37_4_37,24.159290824478692,3700.0,5.0,17.154665897643937,"{""type"":""MultiPoint"",""coordinates"":[]}"
4_38_4_38,24.068473718642448,3800.0,5.0,17.40605947829666,"{""type"":""MultiPoint"",""coordinates"":[]}"
4_39_4_39,23.866010682204017,3900.0,5.0,17.65954181902358,"{""type"":""MultiPoint"",""coordinates"":[]}"
4_40_4_40,23.899929190662142,4000.0,5.0,17.940066638029364,"{""type"":""MultiPoint"",""coordinates"":[]}"
4_41_4_41,23.98740864811743,4100.0,5.0,18.278891004799558,"{""type"":""MultiPoint"",""coordinates"":[]}"
4_42_4_42,24.11910428733056,4200.0,5.0,18.74523283549253,"{""type"":""MultiPoint"",""coordinates"":[]}"
4_43_4_43,24.279768428118018,4300.0,5.0,19.473460015430394,"{""type"":""MultiPoint"",""coordinates"":[]}"
4_44_4_44,24.446491979914875,4400.0,5.0,19.422631611728285,"{""type"":""MultiPoint"",""coordinates"":[]}"
4_45_4_45,23.737394061252207,4500.0,5.0,19.377298656908817,"{""type"":""MultiPoint"",""coordinates"":[]}"
4_46_4_46,24.465738094147284,4600.0,5.0,18.99125760552046,"{""type"":""MultiPoint"",""coordinates"":[]}"
4_47_4_47,25.273240979087802,4700.0,5.0,18.551657160451757,"{""type"":""MultiPoint"",""coordinates"":[]}"
4_48_4_48,26.21959547206477,4800.0,5.0,17.81924602560432,"{""type"":""MultiPoint"",""coordinates"":[]}"
4_49_4_49,25.964206176575452,4900.0,5.0,18.441249204184423,"{""type"":""MultiPoint"",""coordinates"":[]}"
4_50_4_50,26.039771374347193,5000.0,5.0,19.358653903000064,"{""type"":""MultiPoint"",""coordinates"":[]}"
4_51_4_51,25.980873053651948,5100.0,5.0,19.9965363510793,"{""type"":""MultiPoint"",""coordinates"":[]}"
4_52_4_52,26.005780402459166,5200.0,5.0,19.300473804314255,"{""type"":""MultiPoint"",""coordinates"":[]}"
4_53_4_53,25.91373981909343,5300.0,5.0,18.397836446749462,"{""type"":""MultiPoint"",""coordinates"":[]}"
4_54_4_54,25.67423821507554,5400.0,5.0,15.349893765012805,"{""type"":""MultiPoint"",""coordinates"":[]}"
4_55_4_55,25.85076214108471,5500.0,5.0,11.883713768614326,"{""type"":""MultiPoint"",""coordinates"":[]}"
5_0_5_0,17.65460388803383,0.0,6.0,0.016553373639412394,"{""type"":""MultiPoint"",""coordinates"":[]}"
5_1_5_1,18.89508064562982,100.0,6.0,0.011813163984940776,"{""type"":""MultiPoint"",""coordinates"":[]}"
5_2_5_2,18.561493179365513,200.0,6.0,0.018763161832738337,"{""type"":""MultiPoint"",""coordinates"":[]}"
5_3_5_3,16.157396836090804,300.0,6.0,0.007470334657927746,"{""type"":""MultiPoint"",""coordinates"":[]}"
5_4_5_4,14.913007015673543,400.0,6.0,0.0069029666136759885,"{""type"":""MultiPoint"",""coordinates"":[]}"
5_5_5_5,14.10923543744352,500.0,6.0,0.00781473173289884,"{""type"":""MultiPoint"",""coordinates"":[]}"
5_6_5_6,13.926778701969626,600.0,6.0,0.0103681802834738,"{""type"":""MultiPoint"",""coordinates"":[]}"
5_7_5_7,13.778934608996723,700.0,6.0,0.019548058564073968,"{""type"":""MultiPoint"",""coordinates"":[]}"
5_8_5_8,14.099911966181333,800.0,6.0,0.01817081628079825,"{""type"":""MultiPoint"",""coordinates"":[]}"
5_9_5_9,14.600577252322047,900.0,6.0,0.02575896242851037,"{""type"":""MultiPoint"",""coordinates"":[]}"
5_10_5_10,15.019042962833725,1000.0,6.0,0.046272231674858756,"{""type"":""MultiPoint"",""coordinates"":[]}"
5_11_5_11,15.405244869605172,1100.0,6.0,0.09609028790064854,"{""type"":""MultiPoint"",""coordinates"":[]}"
5_12_5_12,16.17604049196577,1200.0,6.0,0.19891647785225258,"{""type"":""MultiPoint"",""coordinates"":[]}"
5_13_5_13,16.898984442205247,1300.0,6.0,0.4619955399277643,"{""type"":""MultiPoint"",""coordinates"":[]}"
5_14_5_14,17.56514997076787,1400.0,6.0,0.6005273131239697,"{""type"":""MultiPoint"",""coordinates"":[]}"
5_15_5_15,18.20651823345364,1500.0,6.0,0.80950708668524,"{""type"":""MultiPoint"",""coordinates"":[]}"
5_16_5_16,19.21345813160367,1600.0,6.0,1.2091122168818484,"{""type"":""MultiPoint"",""coordinates"":[]}"
5_17_5_17,20.56577376947729,1700.0,6.0,1.9226545333638387,"{""type"":""MultiPoint"",""coordinates"":[]}"
5_18_5_18,22.046243032518618,1800.0,6.0,3.274754008190403,"{""type"":""MultiPoint"",""coordinates"":[]}"
5_19_5_19,23.8562574165522,1900.0,6.0,4.897554275560201,"{""type"":""MultiPoint"",""coordinates"":[]}"
5_20_5_20,25.245259531247733,2000.0,6.0,6.58481975532119,"{""type"":""MultiPoint"",""coordinates"":[]}"
5_21_5_21,26.408468340038038,2100.0,6.0,8.805406113246793,"{""type"":""MultiPoint"",""coordinates"":[]}"
5_22_5_22,27.353359720148784,2200.0,6.0,11.342359694011872,"{""type"":""MultiPoint"",""coordinates"":[]}"
5_23_5_23,28.101170312485905,2300.0,6.0,14.033845846309694,"{""type"":""MultiPoint"",""coordinates"":[]}"
5_24_5_24,28.828502144658458,2400.0,6.0,17.226469970856762,"{""type"":""MultiPoint"",""coordinates"":[]}"
5_25_5_25,29.79114253138511,2500.0,6.0,21.332345060343844,"{""type"":""MultiPoint"",""coordinates"":[]}"
5_26_5_26,30.59567903834403,2600.0,6.0,26.112258219165554,"{""type"":""MultiPoint"",""coordinates"":[]}"
5_27_5_27,31.45283061140365,2700.0,6.0,30.432288245825674,"{""type"":""MultiPoint"",""coordinates"":[]}"
5_28_5_28,31.983866014275865,2800.0,6.0,35.46632300606077,"{""type"":""MultiPoint"",""coordinates"":[]}"
5_29_5_29,32.35216209620079,2900.0,6.0,40.584722497586675,"{""type"":""MultiPoint"",""coordinates"":[]}"
5_30_5_30,33.061249370002955,3000.0,6.0,44.91279552341084,"{""type"":""MultiPoint"",""coordinates"":[]}"
5_31_5_31,33.62342871137116,3100.0,6.0,50.53477292719924,"{""type"":""MultiPoint"",""coordinates"":[]}"
5_32_5_32,34.343617315956024,3200.0,6.0,55.33251594419126,"{""type"":""MultiPoint"",""coordinates"":[]}"
5_33_5_33,34.9403530716034,3300.0,6.0,59.73496468398564,"{""type"":""MultiPoint"",""coordinates"":[]}"
5_34_5_34,35.78992587736366,3400.0,6.0,63.83051599524624,"{""type"":""MultiPoint"",""coordinates"":[]}"
5_35_5_35,35.89633605453805,3500.0,6.0,65.64374378084803,"{""type"":""MultiPoint"",""coordinates"":[]}"
5_36_5_36,35.5448295461251,3600.0,6.0,65.76029648363128,"{""type"":""MultiPoint"",""coordinates"":[]}"
5_37_5_37,35.071866360830846,3700.0,6.0,65.69886780628755,"{""type"":""MultiPoint"",""coordinates"":[]}"
5_38_5_38,34.90421295542679,3800.0,6.0,65.7319983531814,"{""type"":""MultiPoint"",""coordinates"":[]}"
5_39_5_39,34.357467856406956,3900.0,6.0,65.33318146168564,"{""type"":""MultiPoint"",""coordinates"":[]}"
5_40_5_40,34.17563600703014,4000.0,6.0,64.94316507966053,"{""type"":""MultiPoint"",""coordinates"":[]}"
5_41_5_41,33.99854955332077,4100.0,6.0,63.70964790630529,"{""type"":""MultiPoint"",""coordinates"":[]}"
5_42_5_42,33.700290412306984,4200.0,6.0,61.356221628877165,"{""type"":""MultiPoint"",""coordinates"":[]}"
5_43_5_43,33.54066980540218,4300.0,6.0,59.11069023620196,"{""type"":""MultiPoint"",""coordinates"":[]}"
5_44_5_44,33.585721533877766,4400.0,6.0,53.88774423479815,"{""type"":""MultiPoint"",""coordinates"":[]}"
5_45_5_45,32.324207804436,4500.0,6.0,48.43338610883052,"{""type"":""MultiPoint"",""coordinates"":[]}"
5_46_5_46,32.913325047960925,4600.0,6.0,47.57853950196163,"{""type"":""MultiPoint"",""coordinates"":[]}"
5_47_5_47,34.789666107395355,4700.0,6.0,49.04929295309622,"{""type"":""MultiPoint"",""coordinates"":[]}"
5_48_5_48,37.197654687828376,4800.0,6.0,50.94955529298696,"{""type"":""MultiPoint"",""coordinates"":[]}"
5_49_5_49,37.525266355635715,4900.0,6.0,52.217211335609456,"{""type"":""MultiPoint"",""coordinates"":[]}"
5_50_5_50,36.96480774689478,5000.0,6.0,51.57300715931809,"{""type"":""MultiPoint"",""coordinates"":[]}"
5_51_5_51,36.831399360713085,5100.0,6.0,51.2133914995256,"{""type"":""MultiPoint"",""coordinates"":[]}"
5_52_5_52,36.727387456236436,5200.0,6.0,49.240393116126135,"{""type"":""MultiPoint"",""coordinates"":[]}"
5_53_5_53,36.62143244223333,5300.0,6.0,45.44533709718615,"{""type"":""MultiPoint"",""coordinates"":[]}"
5_54_5_54,36.78433970423958,5400.0,6.0,37.8411763585436,"{""type"":""MultiPoint"",""coordinates"":[]}"
5_55_5_55,38.941058941058934,5500.0,6.0,26.70607481639788,"{""type"":""MultiPoint"",""coordinates"":[]}"
6_0_6_0,15.703161469012164,0.0,7.0,0.002318638595893209,"{""type"":""MultiPoint"",""coordinates"":[]}"
6_1_6_1,16.188398906398106,100.0,7.0,0.0015159668045653717,"{""type"":""MultiPoint"",""coordinates"":[]}"
6_2_6_2,15.45389713529045,200.0,7.0,0.0037972897748035383,"{""type"":""MultiPoint"",""coordinates"":[]}"
6_3_6_3,13.52216249537331,300.0,7.0,0.011410329870969956,"{""type"":""MultiPoint"",""coordinates"":[]}"
6_4_6_4,12.179967165104436,400.0,7.0,0.00656043717464664,"{""type"":""MultiPoint"",""coordinates"":[]}"
6_5_6_5,11.192757588702449,500.0,7.0,0.007710933175648275,"{""type"":""MultiPoint"",""coordinates"":[]}"
6_6_6_6,10.656300008416,600.0,7.0,0.010306800200861567,"{""type"":""MultiPoint"",""coordinates"":[]}"
6_7_6_7,10.32008608001919,700.0,7.0,0.013649306926750197,"{""type"":""MultiPoint"",""coordinates"":[]}"
6_8_6_8,10.351421068170644,800.0,7.0,0.019131771382896186,"{""type"":""MultiPoint"",""coordinates"":[]}"
6_9_6_9,10.601315371737767,900.0,7.0,0.04206514741451705,"{""type"":""MultiPoint"",""coordinates"":[]}"
6_10_6_10,10.82824075032602,1000.0,7.0,0.08417297254026189,"{""type"":""MultiPoint"",""coordinates"":[]}"
6_11_6_11,11.199822934459462,1100.0,7.0,0.14569618047578362,"{""type"":""MultiPoint"",""coordinates"":[]}"
6_12_6_12,11.874571336700138,1200.0,7.0,0.26613089932682726,"{""type"":""MultiPoint"",""coordinates"":[]}"
6_13_6_13,12.63952329305428,1300.0,7.0,0.5441314326702049,"{""type"":""MultiPoint"",""coordinates"":[]}"
6_14_6_14,13.489815364124437,1400.0,7.0,0.833288369030146,"{""type"":""MultiPoint"",""coordinates"":[]}"
6_15_6_15,14.276560906470257,1500.0,7.0,1.2309180051690218,"{""type"":""MultiPoint"",""coordinates"":[]}"
6_16_6_16,15.440667023290793,1600.0,7.0,1.834575536367313,"{""type"":""MultiPoint"",""coordinates"":[]}"
6_17_6_17,17.050784330361513,1700.0,7.0,2.775507116394044,"{""type"":""MultiPoint"",""coordinates"":[]}"
6_18_6_18,18.36469387328802,1800.0,7.0,4.362053476256483,"{""type"":""MultiPoint"",""coordinates"":[]}"
6_19_6_19,19.85789522099582,1900.0,7.0,6.392100590603934,"{""type"":""MultiPoint"",""coordinates"":[]}"
6_20_6_20,20.966392971549116,2000.0,7.0,8.532500032574825,"{""type"":""MultiPoint"",""coordinates"":[]}"
6_21_6_21,21.744354231081765,2100.0,7.0,11.349095729184299,"{""type"":""MultiPoint"",""coordinates"":[]}"
6_22_6_22,22.415337128934343,2200.0,7.0,14.751116788892297,"{""type"":""MultiPoint"",""coordinates"":[]}"
6_23_6_23,22.842213413646064,2300.0,7.0,18.303391871454522,"{""type"":""MultiPoint"",""coordinates"":[]}"
6_24_6_24,23.264211974539492,2400.0,7.0,22.691089973727397,"{""type"":""MultiPoint"",""coordinates"":[]}"
6_25_6_25,23.952235672822322,2500.0,7.0,28.219408056400603,"{""type"":""MultiPoint"",""coordinates"":[]}"
6_26_6_26,24.35119178661541,2600.0,7.0,35.03718738051745,"{""type"":""MultiPoint"",""coordinates"":[]}"
6_27_6_27,24.83709552732509,2700.0,7.0,41.47269171592641,"{""type"":""MultiPoint"",""coordinates"":[]}"
6_28_6_28,24.814270816628955,2800.0,7.0,48.399566483628924,"{""type"":""MultiPoint"",""coordinates"":[]}"
6_29_6_29,24.495148785163032,2900.0,7.0,55.299264564877646,"{""type"":""MultiPoint"",""coordinates"":[]}"
6_30_6_30,24.777362391859928,3000.0,7.0,60.93894563704845,"{""type"":""MultiPoint"",""coordinates"":[]}"
6_31_6_31,24.582890497224707,3100.0,7.0,67.3188373665405,"{""type"":""MultiPoint"",""coordinates"":[]}"
6_32_6_32,24.62500170042207,3200.0,7.0,72.2301855674561,"{""type"":""MultiPoint"",""coordinates"":[]}"
6_33_6_33,24.71535691853966,3300.0,7.0,76.53153239318699,"{""type"":""MultiPoint"",""coordinates"":[]}"
6_34_6_34,25.000471933012435,3400.0,7.0,80.44091436816805,"{""type"":""MultiPoint"",""coordinates"":[]}"
6_35_6_35,24.93960147533582,3500.0,7.0,81.96350669675098,"{""type"":""MultiPoint"",""coordinates"":[]}"
6_36_6_36,24.746350538409793,3600.0,7.0,81.59976206029891,"{""type"":""MultiPoint"",""coordinates"":[]}"
6_37_6_37,24.271798445725643,3700.0,7.0,80.83388796551253,"{""type"":""MultiPoint"",""coordinates"":[]}"
6_38_6_38,23.924554372329712,3800.0,7.0,79.95298444949022,"{""type"":""MultiPoint"",""coordinates"":[]}"
6_39_6_39,23.536967407855098,3900.0,7.0,78.25270934259252,"{""type"":""MultiPoint"",""coordinates"":[]}"
6_40_6_40,23.484775414022074,4000.0,7.0,76.377192596665,"{""type"":""MultiPoint"",""coordinates"":[]}"
6_41_6_41,23.662397069686648,4100.0,7.0,73.30995397254156,"{""type"":""MultiPoint"",""coordinates"":[]}"
6_42_6_42,23.76868672747702,4200.0,7.0,68.72450959220492,"{""type"":""MultiPoint"",""coordinates"":[]}"
6_43_6_43,23.974063023928935,4300.0,7.0,65.21982620759535,"{""type"":""MultiPoint"",""coordinates"":[]}"
6_44_6_44,25.225205828337703,4400.0,7.0,57.12163251599877,"{""type"":""MultiPoint"",""coordinates"":[]}"
6_45_6_45,24.166889951319543,4500.0,7.0,50.383210988497424,"{""type"":""MultiPoint"",""coordinates"":[]}"
6_46_6_46,24.380980576703084,4600.0,7.0,50.02327023454072,"{""type"":""MultiPoint"",""coordinates"":[]}"
6_47_6_47,25.89773244728601,4700.0,7.0,51.93525044858443,"{""type"":""MultiPoint"",""coordinates"":[]}"
6_48_6_48,27.435008147207384,4800.0,7.0,53.08124617101483,"{""type"":""MultiPoint"",""coordinates"":[]}"
6_49_6_49,27.8126161967299,4900.0,7.0,54.16460602680257,"{""type"":""MultiPoint"",""coordinates"":[]}"
6_50_6_50,27.890505475390025,5000.0,7.0,52.89431008030732,"{""type"":""MultiPoint"",""coordinates"":[]}"
6_51_6_51,27.98204902234885,5100.0,7.0,50.37251068188298,"{""type"":""MultiPoint"",""coordinates"":[]}"
6_52_6_52,28.099765815136664,5200.0,7.0,48.593596227435384,"{""type"":""MultiPoint"",""coordinates"":[]}"
6_53_6_53,28.4201049783281,5300.0,7.0,44.8187808767532,"{""type"":""MultiPoint"",""coordinates"":[]}"
6_54_6_54,29.08582171055423,5400.0,7.0,36.10390788288195,"{""type"":""MultiPoint"",""coordinates"":[]}"
6_55_6_55,30.53420557936687,5500.0,7.0,23.056083276160283,"{""type"":""MultiPoint"",""coordinates"":[]}"
7_0_7_0,12.297719156729105,0.0,8.0,0.011177487034501209,"{""type"":""MultiPoint"",""coordinates"":[]}"
7_1_7_1,12.875321326609908,100.0,8.0,0.008859168395415935,"{""type"":""MultiPoint"",""coordinates"":[]}"
7_2_7_2,12.836449954636782,200.0,8.0,0.003302061822344926,"{""type"":""MultiPoint"",""coordinates"":[]}"
7_3_7_3,11.39435134281191,300.0,8.0,0.0067653349808268915,"{""type"":""MultiPoint"",""coordinates"":[]}"
7_4_7_4,10.2096724305579,400.0,8.0,0.006635768703398885,"{""type"":""MultiPoint"",""coordinates"":[]}"
7_5_7_5,9.508195798586446,500.0,8.0,0.004879819373983237,"{""type"":""MultiPoint"",""coordinates"":[]}"
7_6_7_6,9.112831297715287,600.0,8.0,0.00976667981853619,"{""type"":""MultiPoint"",""coordinates"":[]}"
7_7_7_7,8.808869819605915,700.0,8.0,0.013903207422514784,"{""type"":""MultiPoint"",""coordinates"":[]}"
7_8_7_8,8.651315682439346,800.0,8.0,0.012985158515502474,"{""type"":""MultiPoint"",""coordinates"":[]}"
7_9_7_9,8.634467452635137,900.0,8.0,0.01866066309788059,"{""type"":""MultiPoint"",""coordinates"":[]}"
7_10_7_10,8.743797561141319,1000.0,8.0,0.02362894959954885,"{""type"":""MultiPoint"",""coordinates"":[]}"
7_11_7_11,8.917080950253842,1100.0,8.0,0.03270635654955901,"{""type"":""MultiPoint"",""coordinates"":[]}"
7_12_7_12,9.38598448226513,1200.0,8.0,0.05858557400003196,"{""type"":""MultiPoint"",""coordinates"":[]}"
7_13_7_13,9.874923678794627,1300.0,8.0,0.12175346139934018,"{""type"":""MultiPoint"",""coordinates"":[]}"
7_14_7_14,10.357292186736036,1400.0,8.0,0.23084892261862983,"{""type"":""MultiPoint"",""coordinates"":[]}"
7_15_7_15,10.893338683981646,1500.0,8.0,0.4244393369370434,"{""type"":""MultiPoint"",""coordinates"":[]}"
7_16_7_16,11.68040888309065,1600.0,8.0,0.731372908400233,"{""type"":""MultiPoint"",""coordinates"":[]}"
7_17_7_17,12.840912362380402,1700.0,8.0,1.2850141676148858,"{""type"":""MultiPoint"",""coordinates"":[]}"
7_18_7_18,13.86617471571859,1800.0,8.0,2.3913304756271727,"{""type"":""MultiPoint"",""coordinates"":[]}"
7_19_7_19,14.989131843219099,1900.0,8.0,3.998826312455277,"{""type"":""MultiPoint"",""coordinates"":[]}"
7_20_7_20,15.672205180267254,2000.0,8.0,5.8399363199757985,"{""type"":""MultiPoint"",""coordinates"":[]}"
7_21_7_21,16.195767688263185,2100.0,8.0,8.188811445689343,"{""type"":""MultiPoint"",""coordinates"":[]}"
7_22_7_22,16.588356797668457,2200.0,8.0,11.319476815818863,"{""type"":""MultiPoint"",""coordinates"":[]}"
7_23_7_23,16.88650662020156,2300.0,8.0,14.549736472198308,"{""type"":""MultiPoint"",""coordinates"":[]}"
7_24_7_24,17.17052443187061,2400.0,8.0,18.522965134192688,"{""type"":""MultiPoint"",""coordinates"":[]}"
7_25_7_25,17.58843265962417,2500.0,8.0,23.497777140050882,"{""type"":""MultiPoint"",""coordinates"":[]}"
7_26_7_26,17.842973686866465,2600.0,8.0,29.877897929281772,"{""type"":""MultiPoint"",""coordinates"":[]}"
7_27_7_27,17.972514002885212,2700.0,8.0,36.299423655789866,"{""type"":""MultiPoint"",""coordinates"":[]}"
7_28_7_28,17.88220259960429,2800.0,8.0,43.16263228612658,"{""type"":""MultiPoint"",""coordinates"":[]}"
7_29_7_29,17.714014557799526,2900.0,8.0,50.1518910529772,"{""type"":""MultiPoint"",""coordinates"":[]}"
7_30_7_30,17.657770742226234,3000.0,8.0,56.24802839134722,"{""type"":""MultiPoint"",""coordinates"":[]}"
7_31_7_31,17.492912718720614,3100.0,8.0,63.20710987913434,"{""type"":""MultiPoint"",""coordinates"":[]}"
7_32_7_32,17.421502607597876,3200.0,8.0,68.62409255827205,"{""type"":""MultiPoint"",""coordinates"":[]}"
7_33_7_33,17.47105896032474,3300.0,8.0,73.42424368396748,"{""type"":""MultiPoint"",""coordinates"":[]}"
7_34_7_34,17.506108975637876,3400.0,8.0,77.77212203708527,"{""type"":""MultiPoint"",""coordinates"":[]}"
7_35_7_35,17.33281965762276,3500.0,8.0,79.45867836406856,"{""type"":""MultiPoint"",""coordinates"":[]}"
7_36_7_36,17.066294388092757,3600.0,8.0,78.94926800286683,"{""type"":""MultiPoint"",""coordinates"":[]}"
7_37_7_37,16.770644086881408,3700.0,8.0,77.7244194544477,"{""type"":""MultiPoint"",""coordinates"":[]}"
7_38_7_38,16.54740927456469,3800.0,8.0,76.33258517129786,"{""type"":""MultiPoint"",""coordinates"":[]}"
7_39_7_39,16.39246518934374,3900.0,8.0,74.29530186453486,"{""type"":""MultiPoint"",""coordinates"":[]}"
7_40_7_40,16.438021717881178,4000.0,8.0,72.33727990239584,"{""type"":""MultiPoint"",""coordinates"":[]}"
7_41_7_41,16.68966629645319,4100.0,8.0,69.20997259738337,"{""type"":""MultiPoint"",""coordinates"":[]}"
7_42_7_42,16.983206302811517,4200.0,8.0,64.60505887932753,"{""type"":""MultiPoint"",""coordinates"":[]}"
7_43_7_43,17.527248058118076,4300.0,8.0,61.245769289274016,"{""type"":""MultiPoint"",""coordinates"":[]}"
7_44_7_44,18.780109046658,4400.0,8.0,53.383024795779725,"{""type"":""MultiPoint"",""coordinates"":[]}"
7_45_7_45,18.38282533596834,4500.0,8.0,46.27881163142406,"{""type"":""MultiPoint"",""coordinates"":[]}"
7_46_7_46,19.73380950349888,4600.0,8.0,45.51181855016887,"{""type"":""MultiPoint"",""coordinates"":[]}"
7_47_7_47,21.198637860025205,4700.0,8.0,47.18869043417344,"{""type"":""MultiPoint"",""coordinates"":[]}"
7_48_7_48,22.204562904694807,4800.0,8.0,48.605063212689345,"{""type"":""MultiPoint"",""coordinates"":[]}"
7_49_7_49,22.69061996364411,4900.0,8.0,49.697286961060826,"{""type"":""MultiPoint"",""coordinates"":[]}"
7_50_7_50,24.031419544692227,5000.0,8.0,47.92736907263448,"{""type"":""MultiPoint"",""coordinates"":[]}"
7_51_7_51,25.028212880679426,5100.0,8.0,44.87705949415118,"{""type"":""MultiPoint"",""coordinates"":[]}"
7_52_7_52,25.26230973415557,5200.0,8.0,43.31279784239877,"{""type"":""MultiPoint"",""coordinates"":[]}"
7_53_7_53,25.343942424506476,5300.0,8.0,38.25255318658085,"{""type"":""MultiPoint"",""coordinates"":[]}"
7_54_7_54,25.517725882391396,5400.0,8.0,29.37753030109885,"{""type"":""MultiPoint"",""coordinates"":[]}"
7_55_7_55,25.855886049434442,5500.0,8.0,16.829436919097432,"{""type"":""MultiPoint"",""coordinates"":[]}"
8_0_8_0,10.470320733404968,0.0,9.0,0.0,"{""type"":""MultiPoint"",""coordinates"":[]}"
8_1_8_1,11.240954433129124,100.0,9.0,2.774411642983283E-4,"{""type"":""MultiPoint"",""coordinates"":[]}"
8_2_8_2,11.234824583514644,200.0,9.0,2.9627521345966605E-4,"{""type"":""MultiPoint"",""coordinates"":[]}"
8_3_8_3,9.622166789751608,300.0,9.0,0.0013665029842555997,"{""type"":""MultiPoint"",""coordinates"":[]}"
8_4_8_4,8.200411255799276,400.0,9.0,0.002668767461736604,"{""type"":""MultiPoint"",""coordinates"":[]}"
8_5_8_5,7.314996978007429,500.0,9.0,0.0014060880381642073,"{""type"":""MultiPoint"",""coordinates"":[]}"
8_6_8_6,6.507253173884403,600.0,9.0,6.376020666562175E-4,"{""type"":""MultiPoint"",""coordinates"":[]}"
8_7_8_7,6.025119881594829,700.0,9.0,0.0011529880482883989,"{""type"":""MultiPoint"",""coordinates"":[]}"
8_8_8_8,5.674078553902223,800.0,9.0,9.435580065186556E-4,"{""type"":""MultiPoint"",""coordinates"":[]}"
8_9_8_9,5.621071683085944,900.0,9.0,7.424142081961375E-4,"{""type"":""MultiPoint"",""coordinates"":[]}"
8_10_8_10,5.548109987062382,1000.0,9.0,4.8508403821985913E-4,"{""type"":""MultiPoint"",""coordinates"":[]}"
8_11_8_11,5.578694989563849,1100.0,9.0,0.0010865921561121043,"{""type"":""MultiPoint"",""coordinates"":[]}"
8_12_8_12,6.012976380595435,1200.0,9.0,0.005102614616895673,"{""type"":""MultiPoint"",""coordinates"":[]}"
8_13_8_13,6.3427497052581945,1300.0,9.0,0.013068004973130204,"{""type"":""MultiPoint"",""coordinates"":[]}"
8_14_8_14,6.628663188481822,1400.0,9.0,0.029948183674739327,"{""type"":""MultiPoint"",""coordinates"":[]}"
8_15_8_15,6.856163317907524,1500.0,9.0,0.060854142772196695,"{""type"":""MultiPoint"",""coordinates"":[]}"
8_16_8_16,7.216204596334252,1600.0,9.0,0.10134584959361904,"{""type"":""MultiPoint"",""coordinates"":[]}"
8_17_8_17,7.639164213015381,1700.0,9.0,0.1771446996026611,"{""type"":""MultiPoint"",""coordinates"":[]}"
8_18_8_18,8.075976187281885,1800.0,9.0,0.3413149246547174,"{""type"":""MultiPoint"",""coordinates"":[]}"
8_19_8_19,8.618916084451195,1900.0,9.0,0.6199322564406747,"{""type"":""MultiPoint"",""coordinates"":[]}"
8_20_8_20,9.040780044512545,2000.0,9.0,1.0113517058183272,"{""type"":""MultiPoint"",""coordinates"":[]}"
8_21_8_21,9.370399505484762,2100.0,9.0,1.5873609992995592,"{""type"":""MultiPoint"",""coordinates"":[]}"
8_22_8_22,9.721107685594653,2200.0,9.0,2.578082015296828,"{""type"":""MultiPoint"",""coordinates"":[]}"
8_23_8_23,9.998611401054802,2300.0,9.0,3.9523521210000108,"{""type"":""MultiPoint"",""coordinates"":[]}"
8_24_8_24,10.356291103670868,2400.0,9.0,6.07524827207587,"{""type"":""MultiPoint"",""coordinates"":[]}"
8_25_8_25,10.803566551452878,2500.0,9.0,9.123569318381637,"{""type"":""MultiPoint"",""coordinates"":[]}"
8_26_8_26,11.23750117309311,2600.0,9.0,13.627162976758438,"{""type"":""MultiPoint"",""coordinates"":[]}"
8_27_8_27,11.581098840465007,2700.0,9.0,18.810641266748778,"{""type"":""MultiPoint"",""coordinates"":[]}"
8_28_8_28,11.882759764339449,2800.0,9.0,24.96966115097821,"{""type"":""MultiPoint"",""coordinates"":[]}"
8_29_8_29,12.088575338499204,2900.0,9.0,31.92461727234859,"{""type"":""MultiPoint"",""coordinates"":[]}"
8_30_8_30,12.25870393595617,3000.0,9.0,38.782575621339895,"{""type"":""MultiPoint"",""coordinates"":[]}"
8_31_8_31,12.498115199044252,3100.0,9.0,47.396135235519324,"{""type"":""MultiPoint"",""coordinates"":[]}"
8_32_8_32,12.807309569712364,3200.0,9.0,54.78179069142526,"{""type"":""MultiPoint"",""coordinates"":[]}"
8_33_8_33,13.103018461378053,3300.0,9.0,61.7832226142858,"{""type"":""MultiPoint"",""coordinates"":[]}"
8_34_8_34,13.275085071448386,3400.0,9.0,68.69453048850569,"{""type"":""MultiPoint"",""coordinates"":[]}"
8_35_8_35,13.196918828889102,3500.0,9.0,71.68488180863103,"{""type"":""MultiPoint"",""coordinates"":[]}"
8_36_8_36,12.756955966006643,3600.0,9.0,71.18231811904779,"{""type"":""MultiPoint"",""coordinates"":[]}"
8_37_8_37,12.310827561320666,3700.0,9.0,69.7971921778522,"{""type"":""MultiPoint"",""coordinates"":[]}"
8_38_8_38,12.073184905095665,3800.0,9.0,68.55612062034997,"{""type"":""MultiPoint"",""coordinates"":[]}"
8_39_8_39,11.930789797252116,3900.0,9.0,66.68335506699866,"{""type"":""MultiPoint"",""coordinates"":[]}"
8_40_8_40,11.885251152177624,4000.0,9.0,64.9542196681966,"{""type"":""MultiPoint"",""coordinates"":[]}"
8_41_8_41,11.935475005528271,4100.0,9.0,61.80530937648161,"{""type"":""MultiPoint"",""coordinates"":[]}"
8_42_8_42,12.032489792501543,4200.0,9.0,56.86517943416889,"{""type"":""MultiPoint"",""coordinates"":[]}"
8_43_8_43,12.368384646173675,4300.0,9.0,53.54108112819556,"{""type"":""MultiPoint"",""coordinates"":[]}"
8_44_8_44,12.936854383885871,4400.0,9.0,45.34668191717398,"{""type"":""MultiPoint"",""coordinates"":[]}"
8_45_8_45,12.71945775134207,4500.0,9.0,37.84587963978774,"{""type"":""MultiPoint"",""coordinates"":[]}"
8_46_8_46,14.066612503252443,4600.0,9.0,37.44050974565014,"{""type"":""MultiPoint"",""coordinates"":[]}"
8_47_8_47,15.222039786579584,4700.0,9.0,39.17522558952092,"{""type"":""MultiPoint"",""coordinates"":[]}"
8_48_8_48,16.10620810668538,4800.0,9.0,40.62373896728546,"{""type"":""MultiPoint"",""coordinates"":[]}"
8_49_8_49,16.21015927007718,4900.0,9.0,41.97960951869973,"{""type"":""MultiPoint"",""coordinates"":[]}"
8_50_8_50,17.116605045398533,5000.0,9.0,40.2655941683489,"{""type"":""MultiPoint"",""coordinates"":[]}"
8_51_8_51,17.682633970200182,5100.0,9.0,37.02768002064433,"{""type"":""MultiPoint"",""coordinates"":[]}"
8_52_8_52,17.805929512371485,5200.0,9.0,35.79757799882475,"{""type"":""MultiPoint"",""coordinates"":[]}"
8_53_8_53,17.564766777901387,5300.0,9.0,30.55831860147556,"{""type"":""MultiPoint"",""coordinates"":[]}"
8_54_8_54,17.309036295369218,5400.0,9.0,20.991115022606863,"{""type"":""MultiPoint"",""coordinates"":[]}"
8_55_8_55,17.078787878787875,5500.0,9.0,6.025247614357213,"{""type"":""MultiPoint"",""coordinates"":[]}"
9_0_9_0,5.540786540371863,0.0,10.0,0.0,"{""type"":""MultiPoint"",""coordinates"":[]}"
9_1_9_1,5.2816559547741155,100.0,10.0,0.0,"{""type"":""MultiPoint"",""coordinates"":[]}"
9_2_9_2,5.076654458989165,200.0,10.0,0.0,"{""type"":""MultiPoint"",""coordinates"":[]}"
9_3_9_3,4.366866511805469,300.0,10.0,1.508184000391517E-4,"{""type"":""MultiPoint"",""coordinates"":[]}"
9_4_9_4,3.752131698535578,400.0,10.0,5.041350862488536E-4,"{""type"":""MultiPoint"",""coordinates"":[]}"
9_5_9_5,3.287084751818785,500.0,10.0,0.002542767346583663,"{""type"":""MultiPoint"",""coordinates"":[]}"
9_6_9_6,3.0315091124585254,600.0,10.0,0.002335884223726615,"{""type"":""MultiPoint"",""coordinates"":[]}"
9_7_9_7,2.747190177752484,700.0,10.0,0.0019280793446457005,"{""type"":""MultiPoint"",""coordinates"":[]}"
9_8_9_8,2.584912151196152,800.0,10.0,0.0013327741584730176,"{""type"":""MultiPoint"",""coordinates"":[]}"
9_9_9_9,2.6376014458338233,900.0,10.0,0.0019103737906688426,"{""type"":""MultiPoint"",""coordinates"":[]}"
9_10_9_10,2.705960355758976,1000.0,10.0,0.0027107294692235158,"{""type"":""MultiPoint"",""coordinates"":[]}"
9_11_9_11,2.8226472058553216,1100.0,10.0,0.00562171338258513,"{""type"":""MultiPoint"",""coordinates"":[]}"
9_12_9_12,3.040692165813424,1200.0,10.0,0.01233032093043402,"{""type"":""MultiPoint"",""coordinates"":[]}"
9_13_9_13,3.1783272348967957,1300.0,10.0,0.028084603257477105,"{""type"":""MultiPoint"",""coordinates"":[]}"
9_14_9_14,3.2580365899978685,1400.0,10.0,0.05133647717669542,"{""type"":""MultiPoint"",""coordinates"":[]}"
9_15_9_15,3.3027559723171565,1500.0,10.0,0.0678876402106759,"{""type"":""MultiPoint"",""coordinates"":[]}"
9_16_9_16,3.4977328982676945,1600.0,10.0,0.08285964806132749,"{""type"":""MultiPoint"",""coordinates"":[]}"
9_17_9_17,3.83019707038285,1700.0,10.0,0.09859841726176796,"{""type"":""MultiPoint"",""coordinates"":[]}"
9_18_9_18,4.193411843513261,1800.0,10.0,0.12863027157487902,"{""type"":""MultiPoint"",""coordinates"":[]}"
9_19_9_19,4.6289306995988735,1900.0,10.0,0.1813239345130857,"{""type"":""MultiPoint"",""coordinates"":[]}"
9_20_9_20,4.829324443054689,2000.0,10.0,0.22824366816441752,"{""type"":""MultiPoint"",""coordinates"":[]}"
9_21_9_21,4.928529329949815,2100.0,10.0,0.2937606128336272,"{""type"":""MultiPoint"",""coordinates"":[]}"
9_22_9_22,4.981082014193653,2200.0,10.0,0.4083847042973056,"{""type"":""MultiPoint"",""coordinates"":[]}"
9_23_9_23,5.016610647565642,2300.0,10.0,0.5826422482087735,"{""type"":""MultiPoint"",""coordinates"":[]}"
9_24_9_24,5.104804242059561,2400.0,10.0,0.8980340194926943,"{""type"":""MultiPoint"",""coordinates"":[]}"
9_25_9_25,5.263927032327257,2500.0,10.0,1.4642125637895436,"{""type"":""MultiPoint"",""coordinates"":[]}"
9_26_9_26,5.479785519941918,2600.0,10.0,2.550756526490154,"{""type"":""MultiPoint"",""coordinates"":[]}"
9_27_9_27,5.568790969499339,2700.0,10.0,4.238242793135897,"{""type"":""MultiPoint"",""coordinates"":[]}"
9_28_9_28,5.726159356435067,2800.0,10.0,6.747573332598054,"{""type"":""MultiPoint"",""coordinates"":[]}"
9_29_9_29,5.904603468272518,2900.0,10.0,10.328295405418272,"{""type"":""MultiPoint"",""coordinates"":[]}"
9_30_9_30,6.076476542015804,3000.0,10.0,14.734292174671113,"{""type"":""MultiPoint"",""coordinates"":[]}"
9_31_9_31,6.30912911440802,3100.0,10.0,20.883126284550443,"{""type"":""MultiPoint"",""coordinates"":[]}"
9_32_9_32,6.505984350315135,3200.0,10.0,27.339175354244453,"{""type"":""MultiPoint"",""coordinates"":[]}"
9_33_9_33,6.690904976790038,3300.0,10.0,34.22948501750407,"{""type"":""MultiPoint"",""coordinates"":[]}"
9_34_9_34,6.793792983666426,3400.0,10.0,41.74319988610206,"{""type"":""MultiPoint"",""coordinates"":[]}"
9_35_9_35,6.687545552291586,3500.0,10.0,45.894823579559755,"{""type"":""MultiPoint"",""coordinates"":[]}"
9_36_9_36,6.46153087167388,3600.0,10.0,46.4192062998389,"{""type"":""MultiPoint"",""coordinates"":[]}"
9_37_9_37,6.332112045543204,3700.0,10.0,46.503901871185505,"{""type"":""MultiPoint"",""coordinates"":[]}"
9_38_9_38,6.2982117195516505,3800.0,10.0,46.8934275259273,"{""type"":""MultiPoint"",""coordinates"":[]}"
9_39_9_39,6.2980626916887115,3900.0,10.0,46.0845240996179,"{""type"":""MultiPoint"",""coordinates"":[]}"
9_40_9_40,6.3660951940792625,4000.0,10.0,45.5814053940537,"{""type"":""MultiPoint"",""coordinates"":[]}"
9_41_9_41,6.443962447498515,4100.0,10.0,43.68105186682314,"{""type"":""MultiPoint"",""coordinates"":[]}"
9_42_9_42,6.549976827204477,4200.0,10.0,39.88478798096382,"{""type"":""MultiPoint"",""coordinates"":[]}"
9_43_9_43,6.729809853287889,4300.0,10.0,38.14858049338033,"{""type"":""MultiPoint"",""coordinates"":[]}"
9_44_9_44,6.844122925605637,4400.0,10.0,31.509210652535387,"{""type"":""MultiPoint"",""coordinates"":[]}"
9_45_9_45,6.548548386073301,4500.0,10.0,26.18962996342518,"{""type"":""MultiPoint"",""coordinates"":[]}"
9_46_9_46,6.971694690859397,4600.0,10.0,26.79448456224694,"{""type"":""MultiPoint"",""coordinates"":[]}"
9_47_9_47,7.691724625032352,4700.0,10.0,29.097131868051104,"{""type"":""MultiPoint"",""coordinates"":[]}"
9_48_9_48,8.655456887155845,4800.0,10.0,30.252674620496382,"{""type"":""MultiPoint"",""coordinates"":[]}"
9_49_9_49,8.759709452974038,4900.0,10.0,32.535735409213125,"{""type"":""MultiPoint"",""coordinates"":[]}"
9_50_9_50,9.076004931939638,5000.0,10.0,33.154587155973886,"{""type"":""MultiPoint"",""coordinates"":[]}"
9_51_9_51,9.439653615441305,5100.0,10.0,31.035011974298957,"{""type"":""MultiPoint"",""coordinates"":[]}"
9_52_9_52,9.47513287494438,5200.0,10.0,30.483407741043873,"{""type"":""MultiPoint"",""coordinates"":[]}"
9_53_9_53,9.507753990240875,5300.0,10.0,26.600900996568736,"{""type"":""MultiPoint"",""coordinates"":[]}"
9_54_9_54,9.838068491559321,5400.0,10.0,17.90691964337298,"{""type"":""MultiPoint"",""coordinates"":[]}"
9_55_9_55,10.202352782553005,5500.0,10.0,3.3239018251237367,"{""type"":""MultiPoint"",""coordinates"":[]}"
10_0_10_0,2.456466804725886,0.0,11.0,0.0,"{""type"":""MultiPoint"",""coordinates"":[]}"
10_1_10_1,2.029642861887808,100.0,11.0,0.0,"{""type"":""MultiPoint"",""coordinates"":[]}"
10_2_10_2,1.8975582582208426,200.0,11.0,0.0,"{""type"":""MultiPoint"",""coordinates"":[]}"
10_3_10_3,1.680199050021155,300.0,11.0,0.0,"{""type"":""MultiPoint"",""coordinates"":[]}"
10_4_10_4,1.4698993771692852,400.0,11.0,0.0,"{""type"":""MultiPoint"",""coordinates"":[]}"
10_5_10_5,1.3124990838380586,500.0,11.0,0.0,"{""type"":""MultiPoint"",""coordinates"":[]}"
10_6_10_6,1.2601940004112568,600.0,11.0,0.0,"{""type"":""MultiPoint"",""coordinates"":[]}"
10_7_10_7,1.1867118888200316,700.0,11.0,0.0,"{""type"":""MultiPoint"",""coordinates"":[]}"
10_8_10_8,1.1941051542785903,800.0,11.0,0.0,"{""type"":""MultiPoint"",""coordinates"":[]}"
10_9_10_9,1.2436237856668249,900.0,11.0,0.0,"{""type"":""MultiPoint"",""coordinates"":[]}"
10_10_10_10,1.271249240616057,1000.0,11.0,0.0,"{""type"":""MultiPoint"",""coordinates"":[]}"
10_11_10_11,1.340785038992416,1100.0,11.0,2.0324380960383984E-4,"{""type"":""MultiPoint"",""coordinates"":[]}"
10_12_10_12,1.431639585390406,1200.0,11.0,6.908756089014795E-4,"{""type"":""MultiPoint"",""coordinates"":[]}"
10_13_10_13,1.5196897543663697,1300.0,11.0,0.0010141327480040463,"{""type"":""MultiPoint"",""coordinates"":[]}"
10_14_10_14,1.5771354632944017,1400.0,11.0,0.0022409348166423596,"{""type"":""MultiPoint"",""coordinates"":[]}"
10_15_10_15,1.5884081996859507,1500.0,11.0,0.0033578261522502124,"{""type"":""MultiPoint"",""coordinates"":[]}"
10_16_10_16,1.6710313462553021,1600.0,11.0,0.0034987941202266775,"{""type"":""MultiPoint"",""coordinates"":[]}"
10_17_10_17,1.802404235779784,1700.0,11.0,0.004518108076027688,"{""type"":""MultiPoint"",""coordinates"":[]}"
10_18_10_18,1.8801123526116952,1800.0,11.0,0.007336483623181818,"{""type"":""MultiPoint"",""coordinates"":[]}"
10_19_10_19,1.993480306447144,1900.0,11.0,0.010682678581123798,"{""type"":""MultiPoint"",""coordinates"":[]}"
10_20_10_20,2.0383919923067015,2000.0,11.0,0.016400631269439605,"{""type"":""MultiPoint"",""coordinates"":[]}"
10_21_10_21,2.054244323685892,2100.0,11.0,0.02366159769022462,"{""type"":""MultiPoint"",""coordinates"":[]}"
10_22_10_22,2.052563116566707,2200.0,11.0,0.0346528212593572,"{""type"":""MultiPoint"",""coordinates"":[]}"
10_23_10_23,2.0446910522668227,2300.0,11.0,0.05074616671450594,"{""type"":""MultiPoint"",""coordinates"":[]}"
10_24_10_24,2.0328611393438836,2400.0,11.0,0.07626805570205267,"{""type"":""MultiPoint"",""coordinates"":[]}"
10_25_10_25,2.0418985399676126,2500.0,11.0,0.12963843392138918,"{""type"":""MultiPoint"",""coordinates"":[]}"
10_26_10_26,2.0632130133879296,2600.0,11.0,0.22820402639914172,"{""type"":""MultiPoint"",""coordinates"":[]}"
10_27_10_27,2.0715035315395176,2700.0,11.0,0.4032568068344568,"{""type"":""MultiPoint"",""coordinates"":[]}"
10_28_10_28,2.0661801645500777,2800.0,11.0,0.7089825502983257,"{""type"":""MultiPoint"",""coordinates"":[]}"
10_29_10_29,2.0961790593056766,2900.0,11.0,1.3313070606772344,"{""type"":""MultiPoint"",""coordinates"":[]}"
10_30_10_30,2.1678037588456665,3000.0,11.0,2.33341841778154,"{""type"":""MultiPoint"",""coordinates"":[]}"
10_31_10_31,2.259943742150773,3100.0,11.0,3.9692191771389282,"{""type"":""MultiPoint"",""coordinates"":[]}"
10_32_10_32,2.3552590550033727,3200.0,11.0,6.101822742040664,"{""type"":""MultiPoint"",""coordinates"":[]}"
10_33_10_33,2.4391872590189734,3300.0,11.0,8.798548124358097,"{""type"":""MultiPoint"",""coordinates"":[]}"
10_34_10_34,2.5290838371463344,3400.0,11.0,12.226863428001458,"{""type"":""MultiPoint"",""coordinates"":[]}"
10_35_10_35,2.492406321346264,3500.0,11.0,14.452177675252003,"{""type"":""MultiPoint"",""coordinates"":[]}"
10_36_10_36,2.400688402829245,3600.0,11.0,14.818126709173505,"{""type"":""MultiPoint"",""coordinates"":[]}"
10_37_10_37,2.3237207146512966,3700.0,11.0,15.103499213009018,"{""type"":""MultiPoint"",""coordinates"":[]}"
10_38_10_38,2.297207431804478,3800.0,11.0,16.47031934743274,"{""type"":""MultiPoint"",""coordinates"":[]}"
10_39_10_39,2.3241216504791553,3900.0,11.0,17.70334902696008,"{""type"":""MultiPoint"",""coordinates"":[]}"
10_40_10_40,2.3679720649115223,4000.0,11.0,18.96601427073031,"{""type"":""MultiPoint"",""coordinates"":[]}"
10_41_10_41,2.424124816458614,4100.0,11.0,19.474917954515536,"{""type"":""MultiPoint"",""coordinates"":[]}"
10_42_10_42,2.471755885752305,4200.0,11.0,19.257121184906747,"{""type"":""MultiPoint"",""coordinates"":[]}"
10_43_10_43,2.5330310480617664,4300.0,11.0,19.951673906127443,"{""type"":""MultiPoint"",""coordinates"":[]}"
10_44_10_44,2.582919890722359,4400.0,11.0,17.56083579367393,"{""type"":""MultiPoint"",""coordinates"":[]}"
10_45_10_45,2.4828332116420073,4500.0,11.0,15.65172348762328,"{""type"":""MultiPoint"",""coordinates"":[]}"
10_46_10_46,2.6447173855709374,4600.0,11.0,17.225585705553396,"{""type"":""MultiPoint"",""coordinates"":[]}"
10_47_10_47,2.864513145609989,4700.0,11.0,19.544491712545945,"{""type"":""MultiPoint"",""coordinates"":[]}"
10_48_10_48,3.174482852742203,4800.0,11.0,21.348608680283153,"{""type"":""MultiPoint"",""coordinates"":[]}"
10_49_10_49,3.3584648944430113,4900.0,11.0,24.12123916051771,"{""type"":""MultiPoint"",""coordinates"":[]}"
10_50_10_50,3.464873362006094,5000.0,11.0,26.69273835849948,"{""type"":""MultiPoint"",""coordinates"":[]}"
10_51_10_51,3.530182727218621,5100.0,11.0,26.144405566252274,"{""type"":""MultiPoint"",""coordinates"":[]}"
10_52_10_52,3.5171628886723085,5200.0,11.0,26.070911910743746,"{""type"":""MultiPoint"",""coordinates"":[]}"
10_53_10_53,3.4842684464219524,5300.0,11.0,23.65155429464924,"{""type"":""MultiPoint"",""coordinates"":[]}"
10_54_10_54,3.382272284800446,5400.0,11.0,15.905446930399185,"{""type"":""MultiPoint"",""coordinates"":[]}"
10_55_10_55,3.4424242424242437,5500.0,11.0,3.163615580456884,"{""type"":""MultiPoint"",""coordinates"":[]}"
11_0_11_0,3.004143500796365,0.0,12.0,0.0,"{""type"":""MultiPoint"",""coordinates"":[]}"
11_1_11_1,2.440248780334028,100.0,12.0,0.0,"{""type"":""MultiPoint"",""coordinates"":[]}"
11_2_11_2,1.8843660250647818,200.0,12.0,0.0,"{""type"":""MultiPoint"",""coordinates"":[]}"
11_3_11_3,1.1092260537126832,300.0,12.0,0.0,"{""type"":""MultiPoint"",""coordinates"":[]}"
11_4_11_4,0.5799873636742905,400.0,12.0,0.0,"{""type"":""MultiPoint"",""coordinates"":[]}"
11_5_11_5,0.29126205963226215,500.0,12.0,0.0,"{""type"":""MultiPoint"",""coordinates"":[]}"
11_6_11_6,0.13922415098055946,600.0,12.0,1.2434737977751339E-4,"{""type"":""MultiPoint"",""coordinates"":[]}"
11_7_11_7,0.08010276046127077,700.0,12.0,7.958933276678966E-5,"{""type"":""MultiPoint"",""coordinates"":[]}"
11_8_11_8,0.0456224477372914,800.0,12.0,4.045184071397033E-5,"{""type"":""MultiPoint"",""coordinates"":[]}"
11_9_11_9,0.039521470044017556,900.0,12.0,1.9156377622998983E-4,"{""type"":""MultiPoint"",""coordinates"":[]}"
11_10_11_10,0.03228744777874911,1000.0,12.0,8.122392025339945E-5,"{""type"":""MultiPoint"",""coordinates"":[]}"
11_11_11_11,0.028838684000248662,1100.0,12.0,1.3584982141866711E-4,"{""type"":""MultiPoint"",""coordinates"":[]}"
11_12_11_12,0.025219202389945575,1200.0,12.0,3.2309916825624474E-4,"{""type"":""MultiPoint"",""coordinates"":[]}"
11_13_11_13,0.020732679439782693,1300.0,12.0,3.3360510616182044E-4,"{""type"":""MultiPoint"",""coordinates"":[]}"
11_14_11_14,0.022608298534297046,1400.0,12.0,7.746038883028571E-4,"{""type"":""MultiPoint"",""coordinates"":[]}"
11_15_11_15,0.024871117242065064,1500.0,12.0,6.051926271526116E-4,"{""type"":""MultiPoint"",""coordinates"":[]}"
11_16_11_16,0.029035947308802067,1600.0,12.0,0.0010807265317128933,"{""type"":""MultiPoint"",""coordinates"":[]}"
11_17_11_17,0.03948230957730348,1700.0,12.0,0.001933586034826849,"{""type"":""MultiPoint"",""coordinates"":[]}"
11_18_11_18,0.029505558401926164,1800.0,12.0,0.0031993662902264504,"{""type"":""MultiPoint"",""coordinates"":[]}"
11_19_11_19,0.034025802032542296,1900.0,12.0,0.0046466368197717834,"{""type"":""MultiPoint"",""coordinates"":[]}"
11_20_11_20,0.03709656727906234,2000.0,12.0,0.005242035064116172,"{""type"":""MultiPoint"",""coordinates"":[]}"
11_21_11_21,0.03785333531345663,2100.0,12.0,0.006394092941129553,"{""type"":""MultiPoint"",""coordinates"":[]}"
11_22_11_22,0.03985133066571627,2200.0,12.0,0.0076746343238914,"{""type"":""MultiPoint"",""coordinates"":[]}"
11_23_11_23,0.04005899187262237,2300.0,12.0,0.009079961871090765,"{""type"":""MultiPoint"",""coordinates"":[]}"
11_24_11_24,0.040073692493432345,2400.0,12.0,0.008948582000110344,"{""type"":""MultiPoint"",""coordinates"":[]}"
11_25_11_25,0.04022646180689927,2500.0,12.0,0.010251327604095167,"{""type"":""MultiPoint"",""coordinates"":[]}"
11_26_11_26,0.04322268792650118,2600.0,12.0,0.015462743713515753,"{""type"":""MultiPoint"",""coordinates"":[]}"
11_27_11_27,0.04324418035549942,2700.0,12.0,0.021553870974693464,"{""type"":""MultiPoint"",""coordinates"":[]}"
11_28_11_28,0.04380926246620778,2800.0,12.0,0.02897399048968686,"{""type"":""MultiPoint"",""coordinates"":[]}"
11_29_11_29,0.041456959209684244,2900.0,12.0,0.04323209615217013,"{""type"":""MultiPoint"",""coordinates"":[]}"
11_30_11_30,0.039504687671973085,3000.0,12.0,0.0715998950385202,"{""type"":""MultiPoint"",""coordinates"":[]}"
11_31_11_31,0.036671403087314154,3100.0,12.0,0.12785691135324168,"{""type"":""MultiPoint"",""coordinates"":[]}"
11_32_11_32,0.03809642993553858,3200.0,12.0,0.2608637587198206,"{""type"":""MultiPoint"",""coordinates"":[]}"
11_33_11_33,0.040176595895505915,3300.0,12.0,0.5396807797689452,"{""type"":""MultiPoint"",""coordinates"":[]}"
11_34_11_34,0.039939500905503286,3400.0,12.0,1.0009292895089026,"{""type"":""MultiPoint"",""coordinates"":[]}"
11_35_11_35,0.03846308829570707,3500.0,12.0,1.3314932196170755,"{""type"":""MultiPoint"",""coordinates"":[]}"
11_36_11_36,0.03664468500112031,3600.0,12.0,1.3529402517920086,"{""type"":""MultiPoint"",""coordinates"":[]}"
11_37_11_37,0.027634575623261493,3700.0,12.0,1.3273264848008983,"{""type"":""MultiPoint"",""coordinates"":[]}"
11_38_11_38,0.02077331523968335,3800.0,12.0,1.6344805573458618,"{""type"":""MultiPoint"",""coordinates"":[]}"
11_39_11_39,0.024893295575376225,3900.0,12.0,2.0526603503629897,"{""type"":""MultiPoint"",""coordinates"":[]}"
11_40_11_40,0.03199163011248901,4000.0,12.0,2.5221344230101375,"{""type"":""MultiPoint"",""coordinates"":[]}"
11_41_11_41,0.036621256359685876,4100.0,12.0,2.8943750244272817,"{""type"":""MultiPoint"",""coordinates"":[]}"
11_42_11_42,0.050368650739804705,4200.0,12.0,3.256561946154796,"{""type"":""MultiPoint"",""coordinates"":[]}"
11_43_11_43,0.07031381852797186,4300.0,12.0,3.896602821256429,"{""type"":""MultiPoint"",""coordinates"":[]}"
11_44_11_44,0.07450507298543603,4400.0,12.0,3.9486937323309808,"{""type"":""MultiPoint"",""coordinates"":[]}"
11_45_11_45,0.1011571878598203,4500.0,12.0,4.202195903691988,"{""type"":""MultiPoint"",""coordinates"":[]}"
11_46_11_46,0.1379142357794057,4600.0,12.0,5.48756652287074,"{""type"":""MultiPoint"",""coordinates"":[]}"
11_47_11_47,0.25450706830328146,4700.0,12.0,7.150956938556431,"{""type"":""MultiPoint"",""coordinates"":[]}"
11_48_11_48,0.3589190331448453,4800.0,12.0,8.698893391755249,"{""type"":""MultiPoint"",""coordinates"":[]}"
11_49_11_49,0.3514058164779674,4900.0,12.0,10.26528457501848,"{""type"":""MultiPoint"",""coordinates"":[]}"
11_50_11_50,0.37493641123251426,5000.0,12.0,13.12567980817315,"{""type"":""MultiPoint"",""coordinates"":[]}"
11_51_11_51,0.3756650429793925,5100.0,12.0,13.480962828679775,"{""type"":""MultiPoint"",""coordinates"":[]}"
11_52_11_52,0.3674013734043125,5200.0,12.0,13.25529362193073,"{""type"":""MultiPoint"",""coordinates"":[]}"
11_53_11_53,0.3074670781154686,5300.0,12.0,12.519695192817128,"{""type"":""MultiPoint"",""coordinates"":[]}"
11_54_11_54,0.25503922914395677,5400.0,12.0,9.158642862857219,"{""type"":""MultiPoint"",""coordinates"":[]}"
11_55_11_55,0.3401759530791789,5500.0,12.0,2.531003491962643,"{""type"":""MultiPoint"",""coordinates"":[]}"
