Year,Elevation,SCA,CCA
2000.0,0,0.1677160122983312,34.36280842146704
2000.0,100,0.1312215073726234,41.429625873694945
2000.0,200,0.15127622098636703,41.696866544224875
2000.0,300,0.10250364478246665,41.488153854200206
2000.0,400,0.10028290833438908,40.42844149063148
2000.0,500,0.12377112566818295,39.590297762682994
2000.0,600,0.1747794796215519,39.868366326896954
2000.0,700,0.3297831966511766,40.37807809596828
2000.0,800,0.42731744215849293,40.74972626513819
2000.0,900,1.2834635407865762,41.09977132438844
2000.0,1000,2.601953799632008,41.562173625995456
2000.0,1100,5.750092291729609,42.60169731473995
2000.0,1200,9.674599439033342,44.305278753710766
2000.0,1300,14.238918117110583,45.21201722809708
2000.0,1400,19.699394324382087,46.78189322284017
2000.0,1500,24.091442556989584,48.00969604312603
2000.0,1600,28.23950803092415,49.66617986795054
2000.0,1700,32.478755394181775,51.685537617974475
2000.0,1800,38.06487651895484,52.72667833193945
2000.0,1900,42.82132381938202,53.62815100580605
2000.0,2000,46.64654368793375,54.9383623467462
2000.0,2100,49.09940843185873,57.0620134988281
2000.0,2200,51.37763635901046,59.45101311671575
2000.0,2300,54.21116863406407,61.37483678329186
2000.0,2400,61.81248509313809,61.328765537085594
2000.0,2500,69.42164006243422,59.14362979452083
2000.0,2600,72.54050474480046,58.45705041073286
2000.0,2700,78.88716187906843,55.805685668369485
2000.0,2800,82.41566481248879,54.79544721053846
2000.0,2900,88.98709914946052,52.57620713463774
2000.0,3000,95.68580540315979,52.08333066716584
2000.0,3100,98.04615384615384,47.395679959639864
2000.0,3200,97.95454545454545,47.47813172097732
2000.0,3300,99.0,48.67595566520299
2000.0,3400,99.0,48.37428105027023
2000.0,3500,99.0,47.825722664432334
2001.0,0,0.02599092676865091,27.550999393245615
2001.0,100,0.014649896763233753,31.82246463281681
2001.0,200,0.016105554198655864,32.28592377671526
2001.0,300,0.028407755561573052,33.59020919705459
2001.0,400,0.040237408964795114,33.40510943717511
2001.0,500,0.04308948768248276,33.00832616857285
2001.0,600,0.050019820155509806,32.95395135918031
2001.0,700,0.08778568591457066,32.762787553887016
2001.0,800,0.21412574905240825,32.524402176604205
2001.0,900,0.47796165284471154,31.629156729715444
2001.0,1000,0.9032584500604354,31.42707301419031
2001.0,1100,2.164140066820426,32.40074618488167
2001.0,1200,3.958106679243944,33.779306607850074
2001.0,1300,7.244131000941991,35.310605269404626
2001.0,1400,11.17311078329015,36.62495622805934
2001.0,1500,15.162701263053947,37.73767180738807
2001.0,1600,18.87842250164781,38.92391430167213
2001.0,1700,22.183696487372355,40.15317445182067
2001.0,1800,26.05833253421678,40.50969797078897
2001.0,1900,29.657943837927608,40.67173937466201
2001.0,2000,33.09145814859771,41.42267633924722
2001.0,2100,36.9032284178486,42.972104275812974
2001.0,2200,41.587711898632996,44.83640185144253
2001.0,2300,47.5685847386172,46.510381097683734
2001.0,2400,58.875568696782516,46.75119465200918
2001.0,2500,67.91376213701794,45.45207709320391
2001.0,2600,72.43783841802926,45.591857097110775
2001.0,2700,78.17388297890459,43.806821779174754
2001.0,2800,79.07319595417756,43.48642339308414
2001.0,2900,84.691777116581,41.49639897756659
2001.0,3000,95.79159589936584,39.375195269106804
2001.0,3100,97.8,34.71810880001604
2001.0,3200,96.31818181818181,34.389613869939254
2001.0,3300,97.18518518518519,34.69685405184725
2001.0,3400,97.0,33.64252704114455
2001.0,3500,97.0,32.86449738618815
2002.0,0,0.049465257751801994,25.79641148109125
2002.0,100,0.02198155126384564,29.939658939431162
2002.0,200,0.02256737734628843,31.359489564217384
2002.0,300,0.04293479965691797,33.42972475170784
2002.0,400,0.08094635913537543,34.669070712904514
2002.0,500,0.1884000700348203,34.94347566440043
2002.0,600,0.2740092939837886,35.87255708436706
2002.0,700,0.5941780789479169,36.54381472659363
2002.0,800,1.093703061220914,36.946389078203445
2002.0,900,3.197840385975185,38.45416163540194
2002.0,1000,6.248452716424217,39.12638697030484
2002.0,1100,10.602453622168612,40.453054770494106
2002.0,1200,14.861264575404507,41.55686448868739
2002.0,1300,19.35321957043308,41.94314001615866
2002.0,1400,24.24573184732574,42.39109213185763
2002.0,1500,28.345938771803436,42.837056535823734
2002.0,1600,32.37302735394213,43.82623905014622
2002.0,1700,36.11862552542696,44.677523990416724
2002.0,1800,40.04535054513391,44.49399936601549
2002.0,1900,43.50893766798683,44.53404377251431
2002.0,2000,46.01617035062315,45.18602039799374
2002.0,2100,47.83671703299152,47.126025719265634
2002.0,2200,49.72412759899801,49.36353192421
2002.0,2300,53.46135708263068,51.58674086009361
2002.0,2400,63.84610081212586,52.400635375329564
2002.0,2500,73.01554797433259,50.97374025249682
2002.0,2600,77.8420885172187,51.7101414357618
2002.0,2700,84.05348961579993,50.352908142120036
2002.0,2800,87.2807804546356,50.62058738037993
2002.0,2900,92.66481080756168,50.15599244285548
2002.0,3000,96.11681186691267,47.40779406252626
2002.0,3100,98.03846153846153,45.42568556340272
2002.0,3200,97.52272727272727,45.60667938692135
2002.0,3300,98.22222222222223,46.49522906151096
2002.0,3400,97.47619047619048,46.908406180227814
2002.0,3500,97.0,47.03139444363353
2003.0,0,0.1068845628048709,13.81618027946337
2003.0,100,0.06040521388893274,16.628394353474775
2003.0,200,0.09788265435925514,18.14983629682417
2003.0,300,0.11354418656830108,19.915260630435416
2003.0,400,0.1421318830525365,20.347285953011987
2003.0,500,0.2564595999690607,20.488762482339137
2003.0,600,0.35789024254931084,21.169010154725342
2003.0,700,0.5278653945448802,21.305036711744837
2003.0,800,0.749072249239787,21.449779775919204
2003.0,900,1.4334057347091373,21.750617273806583
2003.0,1000,2.281020415153056,21.947712315765465
2003.0,1100,3.4860804722577865,22.374924097658063
2003.0,1200,4.55038002016306,23.30748366448769
2003.0,1300,6.8646677812941865,24.149692018233793
2003.0,1400,9.092558965119965,25.111188581666696
2003.0,1500,11.437293764219568,26.287545433896835
2003.0,1600,14.410993601082117,27.86747426676001
2003.0,1700,17.998997775018186,29.45346763559709
2003.0,1800,22.529240940649814,30.089647093760316
2003.0,1900,26.98333075233652,30.71771009156075
2003.0,2000,31.408765298814053,31.444718266015187
2003.0,2100,36.12494570929654,33.28161281481118
2003.0,2200,42.207408272874375,34.90528172520409
2003.0,2300,50.58630016863405,36.500893438090586
2003.0,2400,65.96365259856418,36.86734397873416
2003.0,2500,75.07293139125207,35.93050336944586
2003.0,2600,80.79375691211337,36.25441668980679
2003.0,2700,87.06846725323685,34.543031963770034
2003.0,2800,90.16788179852107,34.50667336651196
2003.0,2900,94.17372193670542,33.73138164255481
2003.0,3000,96.64674185310541,30.79626242448689
2003.0,3100,97.53846153846153,26.635806845484293
2003.0,3200,96.68181818181819,26.525959479588508
2003.0,3300,97.66666666666667,28.497302345868647
2003.0,3400,97.28571428571429,29.107356204130404
2003.0,3500,97.0,29.265232974910393
2004.0,0,0.05893362235499591,21.61791741443801
2004.0,100,0.01725880047501734,26.232071903007878
2004.0,200,0.02710173029203465,27.032095421654805
2004.0,300,0.05021064443584708,28.165893743714445
2004.0,400,0.07217732615294872,28.27770781561809
2004.0,500,0.1635413740474481,28.265699665700456
2004.0,600,0.2603596233256338,28.63561030379609
2004.0,700,0.4223769118610054,28.673313911496873
2004.0,800,0.5984126033834591,28.643597754381574
2004.0,900,1.2553630952515062,28.28640392042611
2004.0,1000,2.075043866389813,28.51888062508194
2004.0,1100,3.798917602084296,29.126057341653095
2004.0,1200,5.477957014282692,30.475598929802505
2004.0,1300,8.430102517149745,31.25076333333174
2004.0,1400,11.540524776297936,32.24001441078976
2004.0,1500,14.256971183514478,32.97857595911359
2004.0,1600,17.125425336042685,33.827513005089536
2004.0,1700,20.025211494277205,34.76071506124725
2004.0,1800,23.475657936026227,35.22959626743778
2004.0,1900,26.842280677445824,35.63849823468063
2004.0,2000,30.20687270152826,36.38257783693079
2004.0,2100,33.97035237414508,38.12124176066925
2004.0,2200,38.72248989029822,40.22314098511821
2004.0,2300,45.55113785834739,42.398989174806864
2004.0,2400,58.60757685978011,43.074497786854536
2004.0,2500,68.22932460331224,42.312892990326716
2004.0,2600,72.80619248690411,42.954135399954936
2004.0,2700,79.8261681160605,41.61198393638457
2004.0,2800,84.48016281507645,41.76726046200532
2004.0,2900,91.08668439876175,41.65306312787285
2004.0,3000,94.78455786219621,39.93966558996867
2004.0,3100,97.41538461538461,35.75730631375793
2004.0,3200,95.86363636363636,33.14943792766373
2004.0,3300,97.55555555555556,34.314682065578126
2004.0,3400,97.19047619047619,34.45169824202082
2004.0,3500,97.0,34.45340501792115
2005.0,0,0.15991254490279372,16.036606120679018
2005.0,100,0.12305924280388923,18.660480012021843
2005.0,200,0.15654537018610393,20.06515350017685
2005.0,300,0.17091542257733489,20.99811437145362
2005.0,400,0.214848765101788,21.13743944403887
2005.0,500,0.3421151257180634,21.620608299710575
2005.0,600,0.5164264873235093,22.645698563841233
2005.0,700,0.8847954756280151,23.376309853343564
2005.0,800,1.2817780516249389,23.741676124037784
2005.0,900,2.7983691844060314,24.182184049419806
2005.0,1000,4.459380116470448,24.667740494716917
2005.0,1100,8.35040348775571,25.422701451249868
2005.0,1200,11.837136497657252,26.562735124981458
2005.0,1300,16.661184918357833,27.023010893907504
2005.0,1400,22.07572799435656,27.543221330367487
2005.0,1500,27.002244941396448,28.083056840578003
2005.0,1600,31.661885355876098,28.57197793180059
2005.0,1700,35.992114095736234,29.0798062457133
2005.0,1800,39.99023854797797,28.85776407481098
2005.0,1900,43.50302497004685,28.809225951277813
2005.0,2000,46.9536150674417,28.866622963304383
2005.0,2100,50.73582826966691,29.314130916796046
2005.0,2200,55.616163814344596,29.40374343016261
2005.0,2300,60.4271387015177,30.041843155533613
2005.0,2400,69.647553336752,30.01332141879299
2005.0,2500,76.27397528764168,29.435967492885133
2005.0,2600,79.60977633982392,29.399012016385864
2005.0,2700,85.0526380330482,29.115643896421805
2005.0,2800,88.532751895889,29.44347858323941
2005.0,2900,93.0478691431491,29.282282921334918
2005.0,3000,96.18410087853276,28.074061366214988
2005.0,3100,98.26153846153846,24.534946236559144
2005.0,3200,96.81818181818181,24.105368198110146
2005.0,3300,98.18518518518519,23.25501128368512
2005.0,3400,98.0952380952381,22.41338112305854
2005.0,3500,98.0,22.258064516129036
2006.0,0,0.12534838256787825,19.80778984747301
2006.0,100,0.08119128171532833,24.369932382440698
2006.0,200,0.14136370677220825,25.65846742050483
2006.0,300,0.18192811362242278,26.851774319387506
2006.0,400,0.19219361799311432,26.72634021441666
2006.0,500,0.29251860110333494,26.872619931478873
2006.0,600,0.4236637152168139,27.207182989651358
2006.0,700,0.6910391780084336,27.366030578361315
2006.0,800,0.9587527310339876,27.555073823384944
2006.0,900,2.0999919641864384,27.84931951765791
2006.0,1000,3.623812431464408,28.086166394337305
2006.0,1100,6.670791776511547,28.04204439046608
2006.0,1200,9.271195993562712,29.221379289945116
2006.0,1300,13.055799331444542,30.011417498897675
2006.0,1400,16.808991244802876,30.50161257355145
2006.0,1500,19.97036741141348,31.003373333509764
2006.0,1600,23.305242930203214,31.49161814328856
2006.0,1700,26.992200349704817,31.979895049157108
2006.0,1800,31.237402853742562,31.938825134598073
2006.0,1900,35.12795069063085,32.02521775164725
2006.0,2000,39.69280458999027,31.791281881223235
2006.0,2100,45.50953481408071,31.52210010582343
2006.0,2200,53.4088461959337,30.51186745573218
2006.0,2300,61.27302192242831,30.472811876688628
2006.0,2400,73.38738462088871,30.80063282038933
2006.0,2500,80.36498005573465,31.455213597603066
2006.0,2600,85.12287221910222,32.069112398928084
2006.0,2700,89.73857431422041,33.47243170373051
2006.0,2800,92.27205889297083,35.3851953223657
2006.0,2900,95.3819838908424,36.86079189084934
2006.0,3000,96.50350069036303,37.06465073150557
2006.0,3100,98.05384615384615,33.951612903225794
2006.0,3200,97.11363636363636,33.53181876367361
2006.0,3300,97.81481481481481,34.14338813980392
2006.0,3400,97.19047619047619,35.2667751688489
2006.0,3500,97.0,35.892857142857146
2007.0,0,0.14593238502751096,14.098169118946322
2007.0,100,0.10448525243313365,17.05796355708515
2007.0,200,0.11298365019260416,18.152395262057397
2007.0,300,0.14748478005879143,19.562399069526624
2007.0,400,0.3436012024997284,20.211049178516685
2007.0,500,0.7783718538887605,20.295565895544232
2007.0,600,1.5183215355976707,20.91022551985169
2007.0,700,3.0040788367776985,21.096026096965872
2007.0,800,4.482133471634485,21.24921881791683
2007.0,900,8.879115592510022,21.49856014786839
2007.0,1000,12.037173427324493,21.853494441903102
2007.0,1100,15.918129301399661,22.094401354117668
2007.0,1200,19.184183429875265,22.95121241670569
2007.0,1300,22.60100637590133,23.056461710269343
2007.0,1400,25.844953356798698,23.452641164204536
2007.0,1500,27.60620499040041,24.08497420407901
2007.0,1600,29.702957871814462,24.65142438171345
2007.0,1700,31.936389191821874,25.261811842726022
2007.0,1800,34.90808912527145,25.218993293754284
2007.0,1900,37.53229178095673,25.634743659947418
2007.0,2000,40.99307995970523,25.73039997206599
2007.0,2100,45.820734770826405,25.955261448068466
2007.0,2200,53.0919357296906,25.484728626227074
2007.0,2300,61.11764713322091,25.911039537154362
2007.0,2400,74.28365522217189,26.376495756185932
2007.0,2500,81.49480189963482,27.190897796588672
2007.0,2600,86.55838950872959,27.911512953674183
2007.0,2700,91.44787121343728,29.3466256191746
2007.0,2800,93.42343252712799,30.824342576316212
2007.0,2900,96.46791692964264,32.897208362458564
2007.0,3000,97.8510893073154,34.87646353854123
2007.0,3100,98.64615384615385,31.307204891882268
2007.0,3200,98.0,29.25161755806919
2007.0,3300,98.5925925925926,31.056494282300747
2007.0,3400,98.28571428571429,31.85081559505523
2007.0,3500,98.0,31.825396825396826
2008.0,0,0.08950220343490041,15.537490973025017
2008.0,100,0.07247578123450545,17.770940419370863
2008.0,200,0.10850212669178283,18.283487179613324
2008.0,300,0.11912905163537107,18.849255102591716
2008.0,400,0.16336366570009328,19.25622490491241
2008.0,500,0.29343578593948194,19.542016143694106
2008.0,600,0.41769241674133206,19.81061458801924
2008.0,700,0.5355989818984286,19.885116644385157
2008.0,800,0.5932814404588813,19.77524378181203
2008.0,900,1.1071297271621923,19.9039488215077
2008.0,1000,2.1160792922320177,20.380724961497336
2008.0,1100,4.849897120504423,20.820059576241928
2008.0,1200,7.519548816587578,21.70201277803072
2008.0,1300,11.432320060090062,21.96076651126522
2008.0,1400,15.57384576204195,22.40208344674661
2008.0,1500,19.27046442602506,22.895170018830818
2008.0,1600,23.19479184275605,23.41874100143881
2008.0,1700,27.365902569695166,23.727527700957463
2008.0,1800,31.509055305880352,23.193832319202002
2008.0,1900,34.966878308404226,22.86190333511848
2008.0,2000,38.27907788776329,22.440788727823012
2008.0,2100,41.98375007204103,22.23631294788235
2008.0,2200,47.03619064510161,21.288503263797864
2008.0,2300,52.38044856661046,21.03281404551259
2008.0,2400,62.04974941565103,21.29622580943341
2008.0,2500,69.70060913753822,21.510547624466415
2008.0,2600,73.91704697266204,21.616911374378656
2008.0,2700,79.42631935715721,22.29328552089923
2008.0,2800,82.94530017849216,23.211646651340175
2008.0,2900,88.31959095963693,24.145482956613414
2008.0,3000,92.71016971933383,24.749561642289045
2008.0,3100,94.00769230769231,22.333563883897554
2008.0,3200,91.11363636363636,22.440372860979085
2008.0,3300,93.5925925925926,23.180339838045917
2008.0,3400,92.23809523809524,23.948626045400232
2008.0,3500,91.0,24.175627240143367
2009.0,0,0.09272885575510868,15.952174314866982
2009.0,100,0.03626139812509838,19.4790415608362
2009.0,200,0.056462681696439344,20.719757958095485
2009.0,300,0.06322923377921554,21.327704653909272
2009.0,400,0.09458852177527194,21.721823222526993
2009.0,500,0.1633964511759059,22.185917591987877
2009.0,600,0.2507812030079365,22.468268815420444
2009.0,700,0.3997776796890968,22.725153828271292
2009.0,800,0.5107782159299453,22.57245107470932
2009.0,900,1.0674462077778375,22.65090865077921
2009.0,1000,1.7533505961833817,23.019166291626167
2009.0,1100,3.1678527774334735,23.723889505999797
2009.0,1200,4.832832541553545,24.870782147434355
2009.0,1300,8.080488780902279,25.63133544038617
2009.0,1400,12.074986280017496,26.73901059587354
2009.0,1500,16.380405742279127,27.643640203440153
2009.0,1600,21.100608155829455,28.342029989631367
2009.0,1700,25.200692035896164,28.85174063075101
2009.0,1800,28.916564243316554,28.74106056119465
2009.0,1900,31.943310839998475,28.734303922583283
2009.0,2000,35.102730531955174,28.69581599377727
2009.0,2100,38.89977698478195,28.88102374843126
2009.0,2200,44.09210641697742,28.243566302145556
2009.0,2300,49.29710876897133,28.425500442146213
2009.0,2400,58.48130530445775,28.95602724828114
2009.0,2500,66.2374531683942,29.445814995451062
2009.0,2600,70.06608794987434,29.769752933149974
2009.0,2700,75.75774855145774,30.597219250403334
2009.0,2800,79.74527562401428,31.81587052587448
2009.0,2900,85.24978961921076,33.047413499886424
2009.0,3000,91.90894539411786,32.68397558719649
2009.0,3100,93.58461538461539,31.896485682776017
2009.0,3200,90.36363636363636,30.777504305730123
2009.0,3300,93.48148148148148,31.40342018926249
2009.0,3400,92.66666666666667,32.18842196376759
2009.0,3500,92.0,32.715693804403486
2010.0,0,0.14431263871258534,15.046333955996019
2010.0,100,0.09883658975390952,17.126665254283996
2010.0,200,0.10863446473262667,17.17230003588902
2010.0,300,0.1573553562007134,17.937766786062685
2010.0,400,0.2890638824019992,18.534756759037847
2010.0,500,0.4874967792576951,19.04526819644762
2010.0,600,0.7542459803265069,19.643064655882686
2010.0,700,1.1936610505634522,20.19793181866824
2010.0,800,1.4973895542388889,20.92098345654995
2010.0,900,3.2241049663027463,21.884318681734243
2010.0,1000,5.887817108315874,22.124707168336986
2010.0,1100,10.500792485981268,22.30976569001147
2010.0,1200,14.522359736276501,22.69147723782299
2010.0,1300,19.004822661427326,22.24585242344993
2010.0,1400,23.557311435546175,22.324498565510925
2010.0,1500,26.401946162897477,22.590890225116333
2010.0,1600,29.16824215098384,23.045673262756576
2010.0,1700,31.978181565171095,23.568892315462108
2010.0,1800,35.30003517087254,23.60006578411583
2010.0,1900,38.40789822638496,23.91609403050346
2010.0,2000,42.0955715060594,24.090468705163993
2010.0,2100,46.749892309822144,24.564811551766564
2010.0,2200,52.64914104278322,24.43096499400303
2010.0,2300,58.816704047217506,25.00412311959631
2010.0,2400,69.35466256827345,25.17450266004899
2010.0,2500,76.33848946244323,25.671391640057006
2010.0,2600,80.2919235848496,26.537656817255353
2010.0,2700,85.98540727796684,28.15256592225913
2010.0,2800,89.63439326829541,29.957018272713384
2010.0,2900,93.46446818741923,31.67757490424024
2010.0,3000,95.43054214880073,32.92514644105316
2010.0,3100,96.55384615384615,29.337434518886212
2010.0,3200,95.47727272727273,27.45126960852767
2010.0,3300,97.33333333333333,28.035619464830933
2010.0,3400,97.19047619047619,29.09766415526784
2010.0,3500,97.0,29.99359959037378
2011.0,0,0.12325757312860573,12.724093158260686
2011.0,100,0.08331540623768063,15.782310980436064
2011.0,200,0.09825713016907428,17.63318854218442
2011.0,300,0.10762288455301172,18.341972597173125
2011.0,400,0.15688626343078452,18.429021631633155
2011.0,500,0.31947387605151245,18.66904664434189
2011.0,600,0.7322653798876606,18.765724588337157
2011.0,700,1.7688334477350462,18.895384763653784
2011.0,800,2.585676472929726,19.419216568513214
2011.0,900,5.076754668113983,20.54715605664958
2011.0,1000,7.992641424750387,20.93217615743305
2011.0,1100,12.328952693057026,21.198789972319513
2011.0,1200,15.724257817951898,22.11002700363346
2011.0,1300,19.48639375686038,22.32715318844261
2011.0,1400,23.503695183456777,22.85531864679612
2011.0,1500,26.833507543898552,23.583213097202655
2011.0,1600,30.69962095047568,24.34629999584203
2011.0,1700,34.57022468383629,25.165565883272812
2011.0,1800,38.75364007323804,25.34353213436083
2011.0,1900,42.70225386851712,25.655001203624
2011.0,2000,46.69218947937168,25.5496545686578
2011.0,2100,51.26240635410673,25.581076634251215
2011.0,2200,57.072561117040856,25.178025785587323
2011.0,2300,62.7859173693086,25.481653929257856
2011.0,2400,71.70111518234077,25.969178162589724
2011.0,2500,77.87126386536252,26.271259995401866
2011.0,2600,81.19507445436231,26.704688759788986
2011.0,2700,85.51144356901737,27.51797666988722
2011.0,2800,88.3268767648531,28.471982065569577
2011.0,2900,92.37920385898475,29.931525311966745
2011.0,3000,94.66993316308451,31.811476808405377
2011.0,3100,96.1923076923077,29.189343810311584
2011.0,3200,93.68181818181819,28.397686542847836
2011.0,3300,96.07407407407408,30.14336917562725
2011.0,3400,95.57142857142857,30.332394606588164
2011.0,3500,95.0,30.277777777777782
2012.0,0,0.07122303655615182,17.502791130113653
2012.0,100,0.04671008835750029,21.593678749903056
2012.0,200,0.08748278148299038,22.5337050290017
2012.0,300,0.10890716527245206,23.644504394778238
2012.0,400,0.1362712292559974,24.253346926842475
2012.0,500,0.2156018823795865,24.40000046485254
2012.0,600,0.3445317254050152,24.753383153498344
2012.0,700,0.5681390072373028,24.607633563306223
2012.0,800,0.7991768857158242,24.479999267867527
2012.0,900,1.604362312342705,23.439070819723106
2012.0,1000,2.0654950412229454,23.221852184981103
2012.0,1100,3.4244279046255577,22.66306546471339
2012.0,1200,4.713325479619794,23.488045055521937
2012.0,1300,6.810641117143683,23.770518264331667
2012.0,1400,9.558327727255278,24.594765958371703
2012.0,1500,12.333191562119168,25.187192706101293
2012.0,1600,15.63451584738616,26.09715686422387
2012.0,1700,19.161684293080476,26.871565151340803
2012.0,1800,22.85909441386361,27.002413546604338
2012.0,1900,26.27605158900582,27.273520157848775
2012.0,2000,30.17144590505461,27.429727031319455
2012.0,2100,35.15452367074673,27.89838984797793
2012.0,2200,41.83166997625446,27.94256084185844
2012.0,2300,48.2464957841484,28.60882153191893
2012.0,2400,58.77617495885706,29.388324414519662
2012.0,2500,66.30536463913828,30.099564334929386
2012.0,2600,70.1333259220783,31.108585966862258
2012.0,2700,75.7347149411897,31.981521811202892
2012.0,2800,79.36054945366287,33.006311179617505
2012.0,2900,84.5145914104529,34.21560908772868
2012.0,3000,91.79445510196601,34.72567264419193
2012.0,3100,93.20769230769231,28.846015991177328
2012.0,3200,90.70454545454545,27.253696587678807
2012.0,3300,93.44444444444444,27.715866280320615
2012.0,3400,92.66666666666667,28.536601514910746
2012.0,3500,92.0,29.15121740205166
2013.0,0,0.06958606492387864,12.64038127556012
2013.0,100,0.04049939722267681,16.459783173080318
2013.0,200,0.07247974798138074,17.656917097026827
2013.0,300,0.09468057692271986,17.84516331054056
2013.0,400,0.10290753787967563,17.415867867584424
2013.0,500,0.17070338652732955,16.93563723576642
2013.0,600,0.28603481791996593,16.82367347959879
2013.0,700,0.4847019545958863,16.651923590565364
2013.0,800,0.6210074290639416,16.536823196149427
2013.0,900,1.2472509948222559,17.05624469103105
2013.0,1000,2.1894658930860165,17.33655257223241
2013.0,1100,4.665347378662638,17.569173699723773
2013.0,1200,7.591396480307463,18.50394844532615
2013.0,1300,11.627764271695082,18.726283878446345
2013.0,1400,15.90401263873414,19.192413188360405
2013.0,1500,20.189204316078882,19.610784830179153
2013.0,1600,24.54206141313701,19.821148744276453
2013.0,1700,28.84096065215714,19.992782863427074
2013.0,1800,32.849926890583,19.705587066887077
2013.0,1900,36.221404007922295,19.470114600142637
2013.0,2000,39.6799842546349,19.211702610292015
2013.0,2100,43.891096562291885,19.245428477014144
2013.0,2200,49.39784291779912,19.08573037689388
2013.0,2300,54.85357757166947,19.498836031812964
2013.0,2400,63.513381889951596,20.108404572352534
2013.0,2500,69.74052261339959,20.627636108490925
2013.0,2600,72.84318487183958,20.42808353468956
2013.0,2700,77.21692878383764,20.89152297038387
2013.0,2800,78.62680499022544,21.41110366335954
2013.0,2900,83.55799747543051,22.382283337410623
2013.0,3000,92.44645104531959,23.473589909856884
2013.0,3100,94.04615384615384,20.774941903974195
2013.0,3200,92.63636363636364,18.976574500768052
2013.0,3300,95.5925925925926,19.887542432345303
2013.0,3400,94.76190476190476,18.807938946187797
2013.0,3500,94.0,18.068356374807987
2014.0,0,0.12085198727500149,16.827554763448294
2014.0,100,0.07808272917250791,20.100228925556497
2014.0,200,0.10008350990595413,20.804929414970363
2014.0,300,0.13599350579358924,22.187119250786267
2014.0,400,0.1788200997231939,22.155631237716964
2014.0,500,0.3057369993652042,21.89391153556367
2014.0,600,0.6358170537779477,22.066080760479334
2014.0,700,1.3803071291316436,21.922046167574514
2014.0,800,1.751096769232508,21.814937866676352
2014.0,900,3.6460756948340314,21.236883015414353
2014.0,1000,6.171968146228927,21.260206503047065
2014.0,1100,9.239127983165325,21.114844986316836
2014.0,1200,12.073858366385073,22.025438729063783
2014.0,1300,15.678422998875465,22.20883873312863
2014.0,1400,19.642579023781774,22.808298791964912
2014.0,1500,23.19369797640996,23.049162807930955
2014.0,1600,26.923392743899196,23.354103845198306
2014.0,1700,30.59876718461903,23.533681295014507
2014.0,1800,34.41172354622187,23.377663505496344
2014.0,1900,37.706931324377365,23.709430360383582
2014.0,2000,41.36183675880892,23.84842407808568
2014.0,2100,45.75639739071898,24.306706315813024
2014.0,2200,51.36278928222164,24.27555111384217
2014.0,2300,56.846500421585176,24.949199684631324
2014.0,2400,65.51678736255876,25.71781571958445
2014.0,2500,71.49904020450296,26.2243767611029
2014.0,2600,74.40902844196889,26.689739707314146
2014.0,2700,78.10548044595686,27.546947198972365
2014.0,2800,78.82312748496038,28.843705077843072
2014.0,2900,82.47473927809334,30.8509017104369
2014.0,3000,93.45840104593053,33.52273753398914
2014.0,3100,92.93846153846154,31.55295108117686
2014.0,3200,89.13636363636364,29.375101824698607
2014.0,3300,91.62962962962963,31.0201304735355
2014.0,3400,90.14285714285714,31.120498378562893
2014.0,3500,89.0,30.788530465949815
2015.0,0,0.10644641870965722,16.849271395745976
2015.0,100,0.0723152674749826,21.050797666592604
2015.0,200,0.12467339419360404,21.770013202352835
2015.0,300,0.14427377532230878,22.67314831771428
2015.0,400,0.20083388742088243,23.285742240427645
2015.0,500,0.33832804673796324,24.168714896388575
2015.0,600,0.5411473145368529,24.549081850943566
2015.0,700,0.9199421655665367,24.72283725686804
2015.0,800,1.1618809029065995,24.6851713371095
2015.0,900,2.026289600839045,24.407955073669836
2015.0,1000,2.925123468126063,24.47990459587954
2015.0,1100,5.010009908948406,25.0396254811271
2015.0,1200,7.838093576410726,26.044178988438947
2015.0,1300,11.620165260467928,26.28567267695344
2015.0,1400,15.554884935790955,26.863369388523495
2015.0,1500,18.94150847503075,27.282574793234918
2015.0,1600,22.451233299445587,27.831789197196574
2015.0,1700,25.972308770300497,28.335917907707632
2015.0,1800,29.656817263099946,28.338511570766954
2015.0,1900,32.93241059040459,28.490330643609312
2015.0,2000,36.300541489852925,28.57607187969821
2015.0,2100,40.23345047053926,28.84863063875499
2015.0,2200,45.35176698394084,28.425230749819573
2015.0,2300,50.62876854974705,28.70275151154352
2015.0,2400,59.724243178619986,28.92014823773537
2015.0,2500,66.11101674177935,28.832517104302205
2015.0,2600,68.93791221112876,28.997098639304387
2015.0,2700,72.67018540659669,29.447612981977755
2015.0,2800,71.75951722118862,29.945413845347357
2015.0,2900,75.21618880173114,31.30195138607945
2015.0,3000,91.29394802116299,34.166822717757945
2015.0,3100,92.35384615384615,32.51144196305488
2015.0,3200,87.8409090909091,31.410679374389055
2015.0,3300,91.07407407407408,32.85078985795833
2015.0,3400,89.42857142857143,34.200802184673165
2015.0,3500,88.0,34.901433691756274
2016.0,0,0.04898458537612104,11.719755751567838
2016.0,100,0.04446230451327996,14.66904909493803
2016.0,200,0.050123755928459565,15.126438622555172
2016.0,300,0.054817156955341374,15.229920014596312
2016.0,400,0.11262984181968198,14.981236224400844
2016.0,500,0.15668896569052126,15.351577579538278
2016.0,600,0.2205989116161464,15.05222381495671
2016.0,700,0.3076313625296608,15.067624225500186
2016.0,800,0.3391927555361138,15.229497558516584
2016.0,900,0.5246189382030126,15.161434784537512
2016.0,1000,0.8989002640289294,15.274057276876935
2016.0,1100,1.9256670180808775,15.445335194495028
2016.0,1200,2.8007090240353643,16.117194203740873
2016.0,1300,4.495578875564951,16.59280317081829
2016.0,1400,6.478947765017219,17.573859328931903
2016.0,1500,8.446158810305842,18.260668887692717
2016.0,1600,10.885671952942305,19.101769390290965
2016.0,1700,13.710623796566175,20.11172661009683
2016.0,1800,16.840966650333502,21.081438319262187
2016.0,1900,20.085253960680646,21.994022616947326
2016.0,2000,23.906544712812558,22.85216364643322
2016.0,2100,28.77092427583184,24.250656542769146
2016.0,2200,34.77333938684483,25.550635921845746
2016.0,2300,41.56855185497471,27.357935147816853
2016.0,2400,52.18142098170631,28.62722695044632
2016.0,2500,59.7377038080599,29.355465948947256
2016.0,2600,63.765922538329264,29.72241213130858
2016.0,2700,69.12009701230707,30.096316541547434
2016.0,2800,68.94471464863486,30.848560689215187
2016.0,2900,74.54401466654645,32.02069064899942
2016.0,3000,91.10100072091006,34.32692703953147
2016.0,3100,94.6923076923077,34.1308243727598
2016.0,3200,91.77272727272727,31.967253176930612
2016.0,3300,93.51851851851852,33.45446701181471
2016.0,3400,91.42857142857143,33.801416623997284
2016.0,3500,90.0,34.02329749103943
2017.0,0,0.08978284392800859,15.057921827163254
2017.0,100,0.05782946610940229,19.334435267223917
2017.0,200,0.10583309761686432,19.195090654156324
2017.0,300,0.13874367360651746,20.142294059040417
2017.0,400,0.17745273129242284,20.18980798746213
2017.0,500,0.3917932958342596,20.51650468369435
2017.0,600,0.8033771888469164,21.602105102126142
2017.0,700,1.3500575586906045,22.094803546620223
2017.0,800,1.7016005893856003,22.56818332099853
2017.0,900,3.2117121053780147,22.89477342841009
2017.0,1000,5.157041428445279,23.39181083560362
2017.0,1100,8.973407689080867,23.855135968191835
2017.0,1200,12.349441657902572,25.04288883305016
2017.0,1300,17.125270175786813,24.842901857935033
2017.0,1400,22.380951812530537,25.075092493261355
2017.0,1500,26.879903856080006,24.756496529320763
2017.0,1600,31.32927867222904,24.4702076324125
2017.0,1700,35.5897598653213,24.23921733430099
2017.0,1800,39.65838294677532,23.899840979759208
2017.0,1900,43.07412512045522,23.887277566922652
2017.0,2000,46.06390192624962,23.836449758618276
2017.0,2100,48.810714682523454,24.127198702473006
2017.0,2200,51.98355671301241,24.016115662529938
2017.0,2300,55.18392622259696,24.251012232067694
2017.0,2400,60.80174917117849,24.57937859266828
2017.0,2500,65.58937382846743,24.755839315356308
2017.0,2600,68.20253234916979,24.919349513305452
2017.0,2700,72.70476647897783,25.099341636621833
2017.0,2800,73.84491486206994,25.38089267031133
2017.0,2900,77.81572896943466,26.412488694591005
2017.0,3000,91.50122799086033,27.153048669615433
2017.0,3100,93.4,25.645107133010363
2017.0,3200,90.88636363636364,24.892749499604346
2017.0,3300,92.81481481481481,26.661807096394906
2017.0,3400,92.38095238095238,27.21426742740107
2017.0,3500,92.0,27.057731694828465
2018.0,0,0.07395527401241771,16.97876059165034
2018.0,100,0.03208544179936001,20.742117319960656
2018.0,200,0.055423106242185445,21.13046118614283
2018.0,300,0.0946819841180418,21.576957604789897
2018.0,400,0.14091592242479314,21.75600955298068
2018.0,500,0.2568066986721527,21.8965113984731
2018.0,600,0.4337113143972609,22.554791320757655
2018.0,700,0.822076288997881,23.167103699893946
2018.0,800,1.0385279199316877,23.395385468007728
2018.0,900,2.5006505135351285,23.226846278930008
2018.0,1000,3.2685280306411464,23.48393340845906
2018.0,1100,5.596213098394767,23.591281535285116
2018.0,1200,7.115582781418993,24.679595141277524
2018.0,1300,10.141538924772066,24.83844222071407
2018.0,1400,13.535895881683041,25.918313449001445
2018.0,1500,17.563665389879407,26.513155050306388
2018.0,1600,22.224381828310193,27.009640389259967
2018.0,1700,27.30171755436533,27.13260133712694
2018.0,1800,32.164234087738315,27.008195871207004
2018.0,1900,36.53115497203433,27.040216581278347
2018.0,2000,40.88718018716782,26.93398795967745
2018.0,2100,45.61102500848153,27.02759337945854
2018.0,2200,51.55908781354525,26.771138366482
2018.0,2300,57.1945476391231,27.095041982855797
2018.0,2400,66.13381740882966,27.317218772581274
2018.0,2500,72.0306873228595,28.068930519786804
2018.0,2600,75.22577813385877,28.63493568026094
2018.0,2700,79.36969591683103,29.267979403411058
2018.0,2800,80.25883252901677,30.04664186010613
2018.0,2900,84.27633516665163,31.465576440477044
2018.0,3000,94.94152075365648,33.44295237422038
2018.0,3100,95.45384615384616,30.102825042341173
2018.0,3200,92.75,29.12000186193735
2018.0,3300,94.11111111111111,29.7061026720525
2018.0,3400,92.85714285714286,30.510600297466663
2018.0,3500,92.0,30.892857142857142
2019.0,0,0.12829907313525668,16.81406988415928
2019.0,100,0.09042918577231722,20.50606971422657
2019.0,200,0.13024464455145465,20.7507775703591
2019.0,300,0.139485617340008,21.1555574206374
2019.0,400,0.18855144497346588,21.11786140763893
2019.0,500,0.28335340908305795,21.270787878616254
2019.0,600,0.4697613212884832,21.638851432645865
2019.0,700,0.8716661162334032,21.531559349464416
2019.0,800,1.254279296498181,21.491709917208013
2019.0,900,3.0208850517780315,21.606899993365836
2019.0,1000,5.293917071036239,21.7151820172309
2019.0,1100,8.648554498545716,21.702002398251594
2019.0,1200,11.012827979005841,22.95333981393884
2019.0,1300,14.160992512185869,23.342431742557345
2019.0,1400,17.88354335490775,24.146826043938116
2019.0,1500,21.34225028444553,24.376280426181378
2019.0,1600,24.59947212359675,24.515051743001937
2019.0,1700,27.934786705771483,24.52243763111123
2019.0,1800,30.839592072452188,24.583453386874602
2019.0,1900,33.50917560036388,24.56955606480672
2019.0,2000,36.07535755940242,24.48890739265456
2019.0,2100,38.99490632885522,24.39537959913537
2019.0,2200,42.63203649694356,24.045576864215676
2019.0,2300,47.02989249578414,24.244495810699874
2019.0,2400,55.075076919407564,24.922927140702573
2019.0,2500,61.157379140602906,25.567245001898105
2019.0,2600,63.50456271359268,25.890110026771968
2019.0,2700,68.56172442100888,26.573228652543182
2019.0,2800,69.01973330059403,26.991837505082422
2019.0,2900,73.8807967421032,28.604842829076638
2019.0,3000,90.9196612944612,31.34245330352922
2019.0,3100,93.05384615384615,31.195478356768657
2019.0,3200,90.18181818181819,30.310565330726625
2019.0,3300,92.92592592592592,31.674299747776445
2019.0,3400,91.85714285714286,31.14055299539169
2019.0,3500,91.0,30.77956989247312
2020.0,0,0.08304027564536097,13.341408058569842
2020.0,100,0.07782206703623538,15.618628215905943
2020.0,200,0.1172989662959844,16.67461385326519
2020.0,300,0.11419689066512552,17.559730494026375
2020.0,400,0.10523568893063372,18.034827000946464
2020.0,500,0.2107427533087493,18.217112952463708
2020.0,600,0.3537871749124557,18.6157090150007
2020.0,700,0.6194686982390134,18.944374751735996
2020.0,800,0.7827392285087792,19.10916814967315
2020.0,900,1.5914467480311563,19.108776157911862
2020.0,1000,3.0128955915109774,19.314351220316077
2020.0,1100,6.2360818292543305,19.898196605828062
2020.0,1200,8.866995390371233,20.75645584349025
2020.0,1300,12.59023087402663,20.68816362054537
2020.0,1400,16.859079932997197,21.181196969510832
2020.0,1500,20.832781389592807,21.28674366269758
2020.0,1600,24.5982906750364,21.213554224857834
2020.0,1700,27.98353857567887,21.090717453208427
2020.0,1800,30.909785493735107,20.761409001738638
2020.0,1900,33.22467869724655,20.58294823889698
2020.0,2000,35.5230140750327,20.314636807521794
2020.0,2100,38.375726425951626,20.382233410518364
2020.0,2200,42.561450510937945,19.794860971438105
2020.0,2300,46.85687268128162,19.728881864032584
2020.0,2400,54.94784461683403,19.996961191011355
2020.0,2500,60.99485891718913,20.038904917383032
2020.0,2600,63.8822952145654,19.86017373873871
2020.0,2700,68.34249295741066,20.33649444324036
2020.0,2800,68.58376854571382,20.827046611780812
2020.0,2900,72.99761818892193,22.027011071165987
2020.0,3000,88.95862709399934,24.528585106386256
2020.0,3100,89.35384615384615,22.078577336641843
2020.0,3200,86.95454545454545,19.856019876181154
2020.0,3300,90.25925925925925,20.70025222354971
2020.0,3400,89.76190476190476,21.08038914490528
2020.0,3500,89.0,20.949820788530467
2021.0,0,0.054660107142732804,14.179360071834498
2021.0,100,0.024302129668843188,16.72677085105104
2021.0,200,0.032453988816631016,16.925700700331163
2021.0,300,0.053108411402542785,16.90593020088005
2021.0,400,0.08142541200376796,17.109640083807662
2021.0,500,0.16330241982437038,17.016225154763216
2021.0,600,0.20931250852564653,16.800889133534525
2021.0,700,0.30618644890137525,16.713549855520704
2021.0,800,0.34904360321224426,16.709064864139243
2021.0,900,0.6701231732506779,16.368087374098735
2021.0,1000,1.218588066935479,16.38710018209601
2021.0,1100,2.975902646960651,16.900401965788326
2021.0,1200,4.49417267207822,17.89755691955523
2021.0,1300,7.709400130783841,18.489422372206235
2021.0,1400,11.351163574181031,19.384884678000006
2021.0,1500,14.815305321380873,20.20805725210422
2021.0,1600,18.177315293182154,20.87045466297219
2021.0,1700,22.04740247364735,21.381537420982973
2021.0,1800,25.829907316126203,21.568257180881147
2021.0,1900,29.2502572114827,21.854319022696547
2021.0,2000,32.57674696686754,22.029653451895374
2021.0,2100,35.779887960624315,22.42472196909373
2021.0,2200,39.60967893252023,22.40991689789734
2021.0,2300,43.491234822934224,22.85521950814636
2021.0,2400,50.623995277506154,22.96757300860408
2021.0,2500,56.56778793270977,23.296892573763902
2021.0,2600,59.37558770932801,23.438508746691678
2021.0,2700,65.10817826011426,23.233639458452128
2021.0,2800,67.58964273234675,23.84762439258697
2021.0,2900,72.1332086075797,25.27265059723538
2021.0,3000,86.0001588445889,26.395631165679987
2021.0,3100,87.12307692307692,24.79387726968372
2021.0,3200,84.25,22.28885921426244
2021.0,3300,86.85185185185185,23.897541294494705
2021.0,3400,84.52380952380952,24.2059529905152
2021.0,3500,83.0,23.73847926267281
2022.0,0,0.10114981196289698,17.557430038762995
2022.0,100,0.05783903547653817,20.352508148953383
2022.0,200,0.0931799560832594,21.138088850164724
2022.0,300,0.10735381708082996,21.718371142488444
2022.0,400,0.15245044911274702,21.793492693989556
2022.0,500,0.3349104789515538,21.61113461083266
2022.0,600,0.5553230311621125,21.87092075550221
2022.0,700,1.1371892814751527,22.199865586216283
2022.0,800,1.6326366106794108,22.437381352930338
2022.0,900,3.6396652658737656,22.74256541163099
2022.0,1000,6.0146215470672795,23.21830644488472
2022.0,1100,9.96314579385671,24.124898711956583
2022.0,1200,12.986903381998149,25.384076909051895
2022.0,1300,17.119020596448077,25.876353432080073
2022.0,1400,21.496857644162887,26.934486932950414
2022.0,1500,25.33337743557549,28.001977375637196
2022.0,1600,29.094024348421303,28.761361325028332
2022.0,1700,33.012081416788554,29.32970900337396
2022.0,1800,36.40122422703017,29.37975228967031
2022.0,1900,39.30522303887605,29.54493045731986
2022.0,2000,42.09353650745691,29.429257305757147
2022.0,2100,44.897586937909296,29.53241412189583
2022.0,2200,48.70756673292427,28.451391086703147
2022.0,2300,52.480325463743654,28.333655426392326
2022.0,2400,58.66054168554871,28.06756950879276
2022.0,2500,63.40492560397032,27.825775347048072
2022.0,2600,65.83031612197135,27.432268003013387
2022.0,2700,69.91271617428151,27.825869527078456
2022.0,2800,71.809112544505,29.055990662760617
2022.0,2900,75.1309019324978,30.393108050148328
2022.0,3000,86.06978164978433,31.251082636706094
2022.0,3100,85.37692307692308,28.79183406199536
2022.0,3200,85.27272727272727,26.810835893497195
2022.0,3300,87.44444444444444,28.455960440727463
2022.0,3400,85.42857142857143,28.693645917148213
2022.0,3500,84.0,28.233486943164362
2023.0,0,0.12525837451498992,15.265736997897259
2023.0,100,0.10223604555802458,18.50696287008102
2023.0,200,0.15494893074891317,19.867026678322226
2023.0,300,0.23782183363218315,22.06407512014188
2023.0,400,0.33997050183751665,22.626489797657307
2023.0,500,0.4069389997726733,22.801725397068278
2023.0,600,0.5393991308625704,23.496389359284493
2023.0,700,0.743210621446522,23.832051259183086
2023.0,800,0.7605355958233064,23.931548590481484
2023.0,900,1.1088630201306815,24.054865174493084
2023.0,1000,1.7931174424109064,24.31437528722712
2023.0,1100,3.4388522031525364,24.79984407904252
2023.0,1200,4.984547847593645,26.216113727167368
2023.0,1300,7.982355321466065,26.79208641894184
2023.0,1400,11.457229613267105,27.754838606979227
2023.0,1500,15.607469660640215,28.588143692358923
2023.0,1600,20.29865627994097,29.33493547227866
2023.0,1700,25.381139611180267,29.994583431234652
2023.0,1800,30.301782848464498,29.952418998550293
2023.0,1900,34.67173764616852,29.864467062485186
2023.0,2000,38.725073971406246,29.565562123884998
2023.0,2100,42.890969859227404,29.40467466244608
2023.0,2200,47.43734553850356,28.923712678948146
2023.0,2300,51.42309021922428,29.096564777380234
2023.0,2400,56.90628503112555,29.382455663557877
2023.0,2500,61.4577689981303,29.44938256355017
2023.0,2600,62.94829499606116,29.54307040065037
2023.0,2700,65.76922107428867,29.560264338123268
2023.0,2800,66.3840981423593,29.72858154088862
2023.0,2900,68.45669161181738,29.846331739480718
2023.0,3000,81.22911499126356,29.846010747564193
2023.0,3100,80.43076923076923,27.227253928866812
2023.0,3200,78.27272727272727,25.74087650700553
2023.0,3300,81.07407407407408,26.378268949953533
2023.0,3400,79.33333333333333,26.245519713261636
2023.0,3500,78.0,25.92293906810036
